y1,x1_COBYQA,x1_BOBYQA,x1_COBYLA,y2,x2_COBYQA,x2_BOBYQA,x2_COBYLA,y3,x3_COBYQA,x3_BOBYQA,x3_COBYLA,y4,x4_COBYQA,x4_BOBYQA,x4_COBYLA,y5,x5_COBYQA,x5_BOBYQA,x5_COBYLA,y6,x6_COBYQA,x6_BOBYQA,x6_COBYLA,y7,x7_COBYQA,x7_BOBYQA,x7_COBYLA,y8,x8_COBYQA,x8_BOBYQA,x8_COBYLA,y9,x9_COBYQA,x9_BOBYQA,x9_COBYLA
0.0,0.0,0.0,0.0,0.0,0.0,0.0,0.0,0.0,0.0,0.0,0.0,0.0,0.0,0.0,0.0,0.0,0.0,0.0,0.0,0.0,0.0,0.0,0.0,0.0,0.0,0.0,0.0,0.0,0.0,0.0,0.0,0.0,0.0,0.0,0.0
0.0,0.0,0.0,0.0,0.0,0.0,0.0,0.0,0.0,0.0,0.0,0.0,0.0,0.0,0.0,0.0,0.0,0.0,0.0,0.0,0.0,0.0,0.0,0.0,0.0,0.0,0.0,0.0,0.0,0.0,0.0,0.0,0.0,0.0,0.0,0.0
0.012658227848101266,0.0,0.0,0.0,0.012658227848101266,0.0,0.0,0.0,0.012658227848101266,0.0,0.0,0.0,0.012658227848101266,0.0,0.0,0.0,0.012658227848101266,0.0,0.0,0.0,0.012658227848101266,0.0,0.0,0.0,0.012658227848101266,0.0,0.0,0.0,0.012658227848101266,0.0,0.0,0.0,0.012658227848101266,0.0,0.0,0.0
0.012658227848101266,0.0,0.0,0.0,0.012658227848101266,0.0,0.0,0.0,0.012658227848101266,0.0,0.0,0.0,0.012658227848101266,0.0,0.0,0.0,0.012658227848101266,0.0,0.0,0.0,0.012658227848101266,0.0,0.0,0.0,0.012658227848101266,0.0,0.0,0.0,0.012658227848101266,0.0,0.0,0.0,0.012658227848101266,0.0,0.0,0.0
0.02531645569620253,0.0,0.0,0.0,0.02531645569620253,0.0,0.0,0.0,0.02531645569620253,0.0,0.0,0.0,0.02531645569620253,0.0,0.0,0.0,0.02531645569620253,0.0,0.0,0.0,0.02531645569620253,0.0,0.0,0.0,0.02531645569620253,0.0,0.0,0.0,0.02531645569620253,0.0,0.0,0.0,0.02531645569620253,0.0,0.0,0.0
0.02531645569620253,0.0,0.0,0.0,0.02531645569620253,0.0,0.0,0.0,0.02531645569620253,0.0,0.0,0.0,0.02531645569620253,0.0,0.0,0.0,0.02531645569620253,0.0,0.0,0.0,0.02531645569620253,0.0,0.0,0.0,0.02531645569620253,0.0,0.0,0.0,0.02531645569620253,0.0,0.0,0.0,0.02531645569620253,0.0,0.0,0.0
0.0379746835443038,0.0,0.0,0.0,0.0379746835443038,0.0,0.0,0.0,0.0379746835443038,0.0,0.0,0.0,0.0379746835443038,0.0,0.0,0.0,0.0379746835443038,0.0,0.0,0.0,0.0379746835443038,0.0,0.0,0.0,0.0379746835443038,0.0,0.0,0.0,0.0379746835443038,0.0,0.0,0.0,0.0379746835443038,0.0,0.0,0.0
0.0379746835443038,0.0,0.0,0.0,0.0379746835443038,0.0,0.0,0.0,0.0379746835443038,0.0,0.0,0.0,0.0379746835443038,0.0,0.0,0.0,0.0379746835443038,0.0,0.0,0.0,0.0379746835443038,0.0,0.0,0.0,0.0379746835443038,0.0,0.0,0.0,0.0379746835443038,0.0,0.0,0.0,0.0379746835443038,0.0,0.41503749927884376,0.0
0.05063291139240506,0.0,0.0,0.0,0.05063291139240506,0.0,0.0,0.0,0.05063291139240506,0.0,0.0,0.0,0.05063291139240506,0.0,0.0,0.0,0.05063291139240506,0.0,0.0,0.0,0.05063291139240506,0.0,0.0,0.0,0.05063291139240506,0.0,0.0,0.0,0.05063291139240506,0.0,0.0,0.0,0.05063291139240506,0.0,0.41503749927884376,0.0
0.05063291139240506,0.0,0.0,0.0,0.05063291139240506,0.0,0.0,0.0,0.05063291139240506,0.0,0.0,0.0,0.05063291139240506,0.0,0.41503749927884376,0.0,0.05063291139240506,0.0,0.41503749927884376,0.0,0.05063291139240506,0.3141085904280633,0.41503749927884376,0.0,0.05063291139240506,0.2714466456499939,0.41503749927884376,0.0,0.05063291139240506,0.17954942033071244,0.41503749927884376,0.0,0.05063291139240506,0.030534368148112147,0.7369655941662062,0.0
0.06329113924050633,0.0,0.0,0.0,0.06329113924050633,0.0,0.0,0.0,0.06329113924050633,0.0,0.0,0.0,0.06329113924050633,0.0,0.41503749927884376,0.0,0.06329113924050633,0.0,0.41503749927884376,0.0,0.06329113924050633,0.3141085904280633,0.41503749927884376,0.0,0.06329113924050633,0.2714466456499939,0.41503749927884376,0.0,0.06329113924050633,0.17954942033071244,0.41503749927884376,0.0,0.06329113924050633,0.030534368148112147,0.7369655941662062,0.0
0.06329113924050633,0.0,0.0,0.0,0.06329113924050633,0.0,0.15200309344505006,0.0,0.06329113924050633,0.0,0.0,0.0,0.06329113924050633,0.0,0.7369655941662062,0.0,0.06329113924050633,0.20679962830997528,0.7369655941662062,0.0,0.06329113924050633,0.34278915194887033,0.7369655941662062,0.0,0.06329113924050633,0.5144531432909486,0.7369655941662062,0.0,0.06329113924050633,0.7379106941285273,0.7369655941662062,0.0,0.06329113924050633,2.584962500721156,5.169925001442312,0.0
0.0759493670886076,0.0,0.0,0.0,0.0759493670886076,0.0,0.15200309344505006,0.0,0.0759493670886076,0.0,0.0,0.0,0.0759493670886076,0.0,0.7369655941662062,0.0,0.0759493670886076,0.20679962830997528,0.7369655941662062,0.0,0.0759493670886076,0.34278915194887033,0.7369655941662062,0.0,0.0759493670886076,0.5144531432909486,0.7369655941662062,0.0,0.0759493670886076,0.7379106941285273,0.7369655941662062,0.0,0.0759493670886076,2.584962500721156,5.169925001442312,0.0
0.0759493670886076,0.0,0.0,0.0,0.0759493670886076,0.0,0.19264507794239583,0.0,0.0759493670886076,0.0,0.41503749927884376,0.0,0.0759493670886076,0.10955992517207547,5.169925001442312,0.0,0.0759493670886076,0.415037499278844,5.169925001442312,0.0,0.0759493670886076,2.584962500721156,5.169925001442312,0.0,0.0759493670886076,2.584962500721156,5.169925001442312,0.0,0.0759493670886076,2.584962500721156,5.169925001442312,0.0,0.0759493670886076,5.169925001442312,5.169925001442312,0.0
0.08860759493670886,0.0,0.0,0.0,0.08860759493670886,0.0,0.19264507794239583,0.0,0.08860759493670886,0.0,0.41503749927884376,0.0,0.08860759493670886,0.10955992517207547,5.169925001442312,0.0,0.08860759493670886,0.415037499278844,5.169925001442312,0.0,0.08860759493670886,2.584962500721156,5.169925001442312,0.0,0.08860759493670886,2.584962500721156,5.169925001442312,0.0,0.08860759493670886,2.584962500721156,5.169925001442312,0.0,0.08860759493670886,5.169925001442312,5.169925001442312,0.0
0.08860759493670886,0.0,0.0,0.0,0.08860759493670886,0.0,0.32192809488736235,0.0,0.08860759493670886,0.013572019573528321,0.7369655941662062,0.0,0.08860759493670886,1.0383281186590994,5.169925001442312,0.0,0.08860759493670886,2.584962500721156,5.169925001442312,0.0,0.08860759493670886,5.169925001442312,5.169925001442312,0.0,0.08860759493670886,5.169925001442312,5.169925001442312,0.0,0.08860759493670886,5.169925001442312,5.169925001442312,0.0,0.08860759493670886,5.169925001442312,5.169925001442312,0.0
0.10126582278481013,0.0,0.0,0.0,0.10126582278481013,0.0,0.32192809488736235,0.0,0.10126582278481013,0.013572019573528321,0.7369655941662062,0.0,0.10126582278481013,1.0383281186590994,5.169925001442312,0.0,0.10126582278481013,2.584962500721156,5.169925001442312,0.0,0.10126582278481013,5.169925001442312,5.169925001442312,0.0,0.10126582278481013,5.169925001442312,5.169925001442312,0.0,0.10126582278481013,5.169925001442312,5.169925001442312,0.0,0.10126582278481013,5.169925001442312,5.169925001442312,0.0
0.10126582278481013,0.0,0.0,0.0,0.10126582278481013,0.0,0.41503749927884376,0.0,0.10126582278481013,0.48542682717024166,0.7369655941662062,0.0,0.10126582278481013,2.584962500721156,5.169925001442312,0.12905610079787294,0.10126582278481013,5.169925001442312,5.169925001442312,0.0,0.10126582278481013,5.169925001442312,5.169925001442312,0.4507864042479809,0.10126582278481013,5.169925001442312,5.169925001442312,0.506871078909305,0.10126582278481013,5.169925001442312,5.169925001442312,0.3170035698140216,0.10126582278481013,5.169925001442312,5.169925001442312,2.0
0.11392405063291139,0.0,0.0,0.0,0.11392405063291139,0.0,0.41503749927884376,0.0,0.11392405063291139,0.48542682717024166,0.7369655941662062,0.0,0.11392405063291139,2.584962500721156,5.169925001442312,0.12905610079787294,0.11392405063291139,5.169925001442312,5.169925001442312,0.0,0.11392405063291139,5.169925001442312,5.169925001442312,0.4507864042479809,0.11392405063291139,5.169925001442312,5.169925001442312,0.506871078909305,0.11392405063291139,5.169925001442312,5.169925001442312,0.3170035698140216,0.11392405063291139,5.169925001442312,5.169925001442312,2.0
0.11392405063291139,0.0,0.0,0.0,0.11392405063291139,0.0,0.5849625007211562,0.0,0.11392405063291139,0.7369655941662062,8.905717929427622,0.0,0.11392405063291139,5.169925001442312,5.169925001442312,0.9698932448691635,0.11392405063291139,5.169925001442312,5.169925001442312,0.2721612914798796,0.11392405063291139,5.169925001442312,5.169925001442312,2.0,0.11392405063291139,5.169925001442312,5.169925001442312,2.0,0.11392405063291139,5.169925001442312,5.169925001442312,2.0,0.11392405063291139,5.169925001442312,5.169925001442312,5.169925001442312
0.12658227848101267,0.0,0.0,0.0,0.12658227848101267,0.0,0.5849625007211562,0.0,0.12658227848101267,0.7369655941662062,8.905717929427622,0.0,0.12658227848101267,5.169925001442312,5.169925001442312,0.9698932448691635,0.12658227848101267,5.169925001442312,5.169925001442312,0.2721612914798796,0.12658227848101267,5.169925001442312,5.169925001442312,2.0,0.12658227848101267,5.169925001442312,5.169925001442312,2.0,0.12658227848101267,5.169925001442312,5.169925001442312,2.0,0.12658227848101267,5.169925001442312,5.169925001442312,5.169925001442312
0.12658227848101267,0.0,0.0,0.0,0.12658227848101267,0.013805799525030428,0.6629650127224292,0.0,0.12658227848101267,2.584962500721156,8.905717929427622,0.028355237373991284,0.12658227848101267,5.169925001442312,5.169925001442312,2.0,0.12658227848101267,5.169925001442312,5.169925001442312,2.0,0.12658227848101267,5.169925001442312,5.169925001442312,5.169925001442312,0.12658227848101267,5.169925001442312,5.169925001442312,5.169925001442312,0.12658227848101267,5.169925001442312,5.169925001442312,5.169925001442312,0.12658227848101267,5.169925001442312,5.169925001442312,5.169925001442312
0.13924050632911394,0.0,0.0,0.0,0.13924050632911394,0.013805799525030428,0.6629650127224292,0.0,0.13924050632911394,2.584962500721156,8.905717929427622,0.028355237373991284,0.13924050632911394,5.169925001442312,5.169925001442312,2.0,0.13924050632911394,5.169925001442312,5.169925001442312,2.0,0.13924050632911394,5.169925001442312,5.169925001442312,5.169925001442312,0.13924050632911394,5.169925001442312,5.169925001442312,5.169925001442312,0.13924050632911394,5.169925001442312,5.169925001442312,5.169925001442312,0.13924050632911394,5.169925001442312,5.169925001442312,5.169925001442312
0.13924050632911394,0.0,0.0,0.0,0.13924050632911394,0.11239123754619348,0.7369655941662062,0.0,0.13924050632911394,8.905717929427622,8.905717929427622,0.3334237337251918,0.13924050632911394,5.169925001442312,5.169925001442312,5.169925001442312,0.13924050632911394,5.169925001442312,5.169925001442312,5.169925001442312,0.13924050632911394,5.169925001442312,5.169925001442312,5.169925001442312,0.13924050632911394,5.169925001442312,5.169925001442312,5.169925001442312,0.13924050632911394,5.169925001442312,5.169925001442312,5.169925001442312,0.13924050632911394,5.169925001442312,5.169925001442312,5.169925001442312
0.1518987341772152,0.0,0.0,0.0,0.1518987341772152,0.11239123754619348,0.7369655941662062,0.0,0.1518987341772152,8.905717929427622,8.905717929427622,0.3334237337251918,0.1518987341772152,5.169925001442312,5.169925001442312,5.169925001442312,0.1518987341772152,5.169925001442312,5.169925001442312,5.169925001442312,0.1518987341772152,5.169925001442312,5.169925001442312,5.169925001442312,0.1518987341772152,5.169925001442312,5.169925001442312,5.169925001442312,0.1518987341772152,5.169925001442312,5.169925001442312,5.169925001442312,0.1518987341772152,5.169925001442312,5.169925001442312,5.169925001442312
0.1518987341772152,0.01966703345607662,0.0014137140189435446,0.0,0.1518987341772152,0.32192809488736235,0.7953022618085802,0.0,0.1518987341772152,8.905717929427622,8.905717929427622,2.0,0.1518987341772152,5.169925001442312,5.169925001442312,5.169925001442312,0.1518987341772152,5.169925001442312,5.169925001442312,5.169925001442312,0.1518987341772152,5.169925001442312,5.169925001442312,5.169925001442312,0.1518987341772152,5.169925001442312,5.169925001442312,5.169925001442312,0.1518987341772152,5.169925001442312,5.169925001442312,5.169925001442312,0.1518987341772152,5.169925001442312,5.169925001442312,5.169925001442312
0.16455696202531647,0.01966703345607662,0.0014137140189435446,0.0,0.16455696202531647,0.32192809488736235,0.7953022618085802,0.0,0.16455696202531647,8.905717929427622,8.905717929427622,2.0,0.16455696202531647,5.169925001442312,5.169925001442312,5.169925001442312,0.16455696202531647,5.169925001442312,5.169925001442312,5.169925001442312,0.16455696202531647,5.169925001442312,5.169925001442312,5.169925001442312,0.16455696202531647,5.169925001442312,5.169925001442312,5.169925001442312,0.16455696202531647,5.169925001442312,5.169925001442312,5.169925001442312,0.16455696202531647,5.169925001442312,5.169925001442312,5.169925001442312
0.16455696202531647,0.08488889758651294,0.14359085362884985,0.0,0.16455696202531647,0.3699496097503059,0.925999418556223,0.0,0.16455696202531647,8.905717929427622,8.905717929427622,2.1483630668441185,0.16455696202531647,5.169925001442312,5.169925001442312,5.169925001442312,0.16455696202531647,5.169925001442312,5.169925001442312,5.169925001442312,0.16455696202531647,5.169925001442312,5.169925001442312,5.169925001442312,0.16455696202531647,5.169925001442312,5.169925001442312,5.169925001442312,0.16455696202531647,5.169925001442312,5.169925001442312,5.169925001442312,0.16455696202531647,5.169925001442312,5.169925001442312,5.169925001442312
0.17721518987341772,0.08488889758651294,0.14359085362884985,0.0,0.17721518987341772,0.3699496097503059,0.925999418556223,0.0,0.17721518987341772,8.905717929427622,8.905717929427622,2.1483630668441185,0.17721518987341772,5.169925001442312,5.169925001442312,5.169925001442312,0.17721518987341772,5.169925001442312,5.169925001442312,5.169925001442312,0.17721518987341772,5.169925001442312,5.169925001442312,5.169925001442312,0.17721518987341772,5.169925001442312,5.169925001442312,5.169925001442312,0.17721518987341772,5.169925001442312,5.169925001442312,5.169925001442312,0.17721518987341772,5.169925001442312,5.169925001442312,5.169925001442312
0.17721518987341772,0.11958161575267275,0.15961839263186897,0.0,0.17721518987341772,0.3942789391120464,0.925999418556223,0.0,0.17721518987341772,8.905717929427622,8.905717929427622,4.452858964713811,0.17721518987341772,5.169925001442312,5.169925001442312,5.169925001442312,0.17721518987341772,5.169925001442312,5.169925001442312,5.169925001442312,0.17721518987341772,5.169925001442312,5.169925001442312,5.169925001442312,0.17721518987341772,5.169925001442312,5.169925001442312,5.169925001442312,0.17721518987341772,5.169925001442312,5.169925001442312,5.169925001442312,0.17721518987341772,5.169925001442312,5.169925001442312,5.169925001442312
0.189873417721519,0.11958161575267275,0.15961839263186897,0.0,0.189873417721519,0.3942789391120464,0.925999418556223,0.0,0.189873417721519,8.905717929427622,8.905717929427622,4.452858964713811,0.189873417721519,5.169925001442312,5.169925001442312,5.169925001442312,0.189873417721519,5.169925001442312,5.169925001442312,5.169925001442312,0.189873417721519,5.169925001442312,5.169925001442312,5.169925001442312,0.189873417721519,5.169925001442312,5.169925001442312,5.169925001442312,0.189873417721519,5.169925001442312,5.169925001442312,5.169925001442312,0.189873417721519,5.169925001442312,5.169925001442312,5.169925001442312
0.189873417721519,0.14359085362884985,0.32192809488736235,0.0,0.189873417721519,0.6629650127224292,1.1206297051855387,0.0,0.189873417721519,8.905717929427622,8.905717929427622,8.905717929427622,0.189873417721519,5.169925001442312,5.169925001442312,5.169925001442312,0.189873417721519,5.169925001442312,5.169925001442312,5.169925001442312,0.189873417721519,5.169925001442312,5.169925001442312,5.169925001442312,0.189873417721519,5.169925001442312,5.169925001442312,5.169925001442312,0.189873417721519,5.169925001442312,5.169925001442312,5.169925001442312,0.189873417721519,5.169925001442312,5.169925001442312,5.169925001442312
0.20253164556962025,0.14359085362884985,0.32192809488736235,0.0,0.20253164556962025,0.6629650127224292,1.1206297051855387,0.0,0.20253164556962025,8.905717929427622,8.905717929427622,8.905717929427622,0.20253164556962025,5.169925001442312,5.169925001442312,5.169925001442312,0.20253164556962025,5.169925001442312,5.169925001442312,5.169925001442312,0.20253164556962025,5.169925001442312,5.169925001442312,5.169925001442312,0.20253164556962025,5.169925001442312,5.169925001442312,5.169925001442312,0.20253164556962025,5.169925001442312,5.169925001442312,5.169925001442312,0.20253164556962025,5.169925001442312,5.169925001442312,5.169925001442312
0.20253164556962025,0.22239242133644802,0.3536369546147006,0.0,0.20253164556962025,0.7369655941662062,1.714004445722895,0.0,0.20253164556962025,8.905717929427622,8.905717929427622,8.905717929427622,0.20253164556962025,5.169925001442312,5.169925001442312,5.169925001442312,0.20253164556962025,5.169925001442312,5.169925001442312,5.169925001442312,0.20253164556962025,5.169925001442312,5.169925001442312,5.169925001442312,0.20253164556962025,5.169925001442312,5.169925001442312,5.169925001442312,0.20253164556962025,5.169925001442312,5.169925001442312,5.169925001442312,0.20253164556962025,5.169925001442312,5.169925001442312,5.169925001442312
0.21518987341772153,0.22239242133644802,0.3536369546147006,0.0,0.21518987341772153,0.7369655941662062,1.714004445722895,0.0,0.21518987341772153,8.905717929427622,8.905717929427622,8.905717929427622,0.21518987341772153,5.169925001442312,5.169925001442312,5.169925001442312,0.21518987341772153,5.169925001442312,5.169925001442312,5.169925001442312,0.21518987341772153,5.169925001442312,5.169925001442312,5.169925001442312,0.21518987341772153,5.169925001442312,5.169925001442312,5.169925001442312,0.21518987341772153,5.169925001442312,5.169925001442312,5.169925001442312,0.21518987341772153,5.169925001442312,5.169925001442312,5.169925001442312
0.21518987341772153,0.22239242133644802,0.38646834708207295,0.0,0.21518987341772153,0.7848755791275912,1.727315424132487,0.0,0.21518987341772153,8.905717929427622,8.905717929427622,8.905717929427622,0.21518987341772153,5.169925001442312,5.169925001442312,5.169925001442312,0.21518987341772153,5.169925001442312,5.169925001442312,5.169925001442312,0.21518987341772153,5.169925001442312,5.169925001442312,5.169925001442312,0.21518987341772153,5.169925001442312,5.169925001442312,5.169925001442312,0.21518987341772153,5.169925001442312,5.169925001442312,5.169925001442312,0.21518987341772153,5.169925001442312,5.169925001442312,5.169925001442312
0.2278481012658228,0.22239242133644802,0.38646834708207295,0.0,0.2278481012658228,0.7848755791275912,1.727315424132487,0.0,0.2278481012658228,8.905717929427622,8.905717929427622,8.905717929427622,0.2278481012658228,5.169925001442312,5.169925001442312,5.169925001442312,0.2278481012658228,5.169925001442312,5.169925001442312,5.169925001442312,0.2278481012658228,5.169925001442312,5.169925001442312,5.169925001442312,0.2278481012658228,5.169925001442312,5.169925001442312,5.169925001442312,0.2278481012658228,5.169925001442312,5.169925001442312,5.169925001442312,0.2278481012658228,5.169925001442312,5.169925001442312,5.169925001442312
0.2278481012658228,0.2536269525780956,0.41503749927884376,0.0,0.2278481012658228,0.7939183815673228,14.239957219309753,0.0,0.2278481012658228,8.905717929427622,8.905717929427622,8.905717929427622,0.2278481012658228,5.169925001442312,5.169925001442312,5.169925001442312,0.2278481012658228,5.169925001442312,5.169925001442312,5.169925001442312,0.2278481012658228,5.169925001442312,5.169925001442312,5.169925001442312,0.2278481012658228,5.169925001442312,5.169925001442312,5.169925001442312,0.2278481012658228,5.169925001442312,5.169925001442312,5.169925001442312,0.2278481012658228,5.169925001442312,5.169925001442312,5.169925001442312
0.24050632911392406,0.2536269525780956,0.41503749927884376,0.0,0.24050632911392406,0.7939183815673228,14.239957219309753,0.0,0.24050632911392406,8.905717929427622,8.905717929427622,8.905717929427622,0.24050632911392406,5.169925001442312,5.169925001442312,5.169925001442312,0.24050632911392406,5.169925001442312,5.169925001442312,5.169925001442312,0.24050632911392406,5.169925001442312,5.169925001442312,5.169925001442312,0.24050632911392406,5.169925001442312,5.169925001442312,5.169925001442312,0.24050632911392406,5.169925001442312,5.169925001442312,5.169925001442312,0.24050632911392406,5.169925001442312,5.169925001442312,5.169925001442312
0.24050632911392406,0.3124677656382961,0.41503749927884376,0.0,0.24050632911392406,0.925999418556223,14.239957219309753,0.0,0.24050632911392406,8.905717929427622,8.905717929427622,8.905717929427622,0.24050632911392406,5.169925001442312,5.169925001442312,5.169925001442312,0.24050632911392406,5.169925001442312,5.169925001442312,5.169925001442312,0.24050632911392406,5.169925001442312,5.169925001442312,5.169925001442312,0.24050632911392406,5.169925001442312,5.169925001442312,5.169925001442312,0.24050632911392406,5.169925001442312,5.169925001442312,5.169925001442312,0.24050632911392406,5.169925001442312,5.169925001442312,5.169925001442312
0.25316455696202533,0.3124677656382961,0.41503749927884376,0.0,0.25316455696202533,0.925999418556223,14.239957219309753,0.0,0.25316455696202533,8.905717929427622,8.905717929427622,8.905717929427622,0.25316455696202533,5.169925001442312,5.169925001442312,5.169925001442312,0.25316455696202533,5.169925001442312,5.169925001442312,5.169925001442312,0.25316455696202533,5.169925001442312,5.169925001442312,5.169925001442312,0.25316455696202533,5.169925001442312,5.169925001442312,5.169925001442312,0.25316455696202533,5.169925001442312,5.169925001442312,5.169925001442312,0.25316455696202533,5.169925001442312,5.169925001442312,5.169925001442312
0.25316455696202533,0.32192809488736235,0.5270151515118767,0.0,0.25316455696202533,0.925999418556223,14.239957219309753,0.0,0.25316455696202533,8.905717929427622,8.905717929427622,8.905717929427622,0.25316455696202533,5.169925001442312,5.169925001442312,5.169925001442312,0.25316455696202533,5.169925001442312,5.169925001442312,5.169925001442312,0.25316455696202533,5.169925001442312,5.169925001442312,5.169925001442312,0.25316455696202533,5.169925001442312,5.169925001442312,5.169925001442312,0.25316455696202533,5.169925001442312,5.169925001442312,5.169925001442312,0.25316455696202533,5.169925001442312,5.169925001442312,5.169925001442312
0.2658227848101266,0.32192809488736235,0.5270151515118767,0.0,0.2658227848101266,0.925999418556223,14.239957219309753,0.0,0.2658227848101266,8.905717929427622,8.905717929427622,8.905717929427622,0.2658227848101266,5.169925001442312,5.169925001442312,5.169925001442312,0.2658227848101266,5.169925001442312,5.169925001442312,5.169925001442312,0.2658227848101266,5.169925001442312,5.169925001442312,5.169925001442312,0.2658227848101266,5.169925001442312,5.169925001442312,5.169925001442312,0.2658227848101266,5.169925001442312,5.169925001442312,5.169925001442312,0.2658227848101266,5.169925001442312,5.169925001442312,5.169925001442312
0.2658227848101266,0.41503749927884376,0.5849625007211562,0.0,0.2658227848101266,0.9344116583724231,14.239957219309753,0.04849851769119013,0.2658227848101266,8.905717929427622,8.905717929427622,8.905717929427622,0.2658227848101266,5.169925001442312,5.169925001442312,5.169925001442312,0.2658227848101266,5.169925001442312,5.169925001442312,5.169925001442312,0.2658227848101266,5.169925001442312,5.169925001442312,5.169925001442312,0.2658227848101266,5.169925001442312,5.169925001442312,5.169925001442312,0.2658227848101266,5.169925001442312,5.169925001442312,5.169925001442312,0.2658227848101266,5.169925001442312,5.169925001442312,5.169925001442312
0.27848101265822783,0.41503749927884376,0.5849625007211562,0.0,0.27848101265822783,0.9344116583724231,14.239957219309753,0.04849851769119013,0.27848101265822783,8.905717929427622,8.905717929427622,8.905717929427622,0.27848101265822783,5.169925001442312,5.169925001442312,5.169925001442312,0.27848101265822783,5.169925001442312,5.169925001442312,5.169925001442312,0.27848101265822783,5.169925001442312,5.169925001442312,5.169925001442312,0.27848101265822783,5.169925001442312,5.169925001442312,5.169925001442312,0.27848101265822783,5.169925001442312,5.169925001442312,5.169925001442312,0.27848101265822783,5.169925001442312,5.169925001442312,5.169925001442312
0.27848101265822783,0.415037499278844,0.5849625007211562,0.0,0.27848101265822783,0.9915877601838,14.239957219309753,1.894517149650133,0.27848101265822783,8.905717929427622,8.905717929427622,8.905717929427622,0.27848101265822783,5.169925001442312,5.169925001442312,5.169925001442312,0.27848101265822783,5.169925001442312,5.169925001442312,5.169925001442312,0.27848101265822783,5.169925001442312,5.169925001442312,5.169925001442312,0.27848101265822783,5.169925001442312,5.169925001442312,5.169925001442312,0.27848101265822783,5.169925001442312,5.169925001442312,5.169925001442312,0.27848101265822783,5.169925001442312,5.169925001442312,5.169925001442312
0.2911392405063291,0.415037499278844,0.5849625007211562,0.0,0.2911392405063291,0.9915877601838,14.239957219309753,1.894517149650133,0.2911392405063291,8.905717929427622,8.905717929427622,8.905717929427622,0.2911392405063291,5.169925001442312,5.169925001442312,5.169925001442312,0.2911392405063291,5.169925001442312,5.169925001442312,5.169925001442312,0.2911392405063291,5.169925001442312,5.169925001442312,5.169925001442312,0.2911392405063291,5.169925001442312,5.169925001442312,5.169925001442312,0.2911392405063291,5.169925001442312,5.169925001442312,5.169925001442312,0.2911392405063291,5.169925001442312,5.169925001442312,5.169925001442312
0.2911392405063291,0.45685767497347085,0.5849625007211562,0.0,0.2911392405063291,1.729352410056331,14.239957219309753,2.0,0.2911392405063291,8.905717929427622,8.905717929427622,8.905717929427622,0.2911392405063291,5.169925001442312,5.169925001442312,5.169925001442312,0.2911392405063291,5.169925001442312,5.169925001442312,5.169925001442312,0.2911392405063291,5.169925001442312,5.169925001442312,5.169925001442312,0.2911392405063291,5.169925001442312,5.169925001442312,5.169925001442312,0.2911392405063291,5.169925001442312,5.169925001442312,5.169925001442312,0.2911392405063291,5.169925001442312,5.169925001442312,5.169925001442312
0.3037974683544304,0.45685767497347085,0.5849625007211562,0.0,0.3037974683544304,1.729352410056331,14.239957219309753,2.0,0.3037974683544304,8.905717929427622,8.905717929427622,8.905717929427622,0.3037974683544304,5.169925001442312,5.169925001442312,5.169925001442312,0.3037974683544304,5.169925001442312,5.169925001442312,5.169925001442312,0.3037974683544304,5.169925001442312,5.169925001442312,5.169925001442312,0.3037974683544304,5.169925001442312,5.169925001442312,5.169925001442312,0.3037974683544304,5.169925001442312,5.169925001442312,5.169925001442312,0.3037974683544304,5.169925001442312,5.169925001442312,5.169925001442312
0.3037974683544304,0.5348999739341345,0.5849625007211562,0.0,0.3037974683544304,2.584962500721156,14.239957219309753,3.84799690655495,0.3037974683544304,8.905717929427622,8.905717929427622,8.905717929427622,0.3037974683544304,5.169925001442312,5.169925001442312,5.169925001442312,0.3037974683544304,5.169925001442312,5.169925001442312,5.169925001442312,0.3037974683544304,5.169925001442312,5.169925001442312,5.169925001442312,0.3037974683544304,5.169925001442312,5.169925001442312,5.169925001442312,0.3037974683544304,5.169925001442312,5.169925001442312,5.169925001442312,0.3037974683544304,5.169925001442312,5.169925001442312,5.169925001442312
0.31645569620253167,0.5348999739341345,0.5849625007211562,0.0,0.31645569620253167,2.584962500721156,14.239957219309753,3.84799690655495,0.31645569620253167,8.905717929427622,8.905717929427622,8.905717929427622,0.31645569620253167,5.169925001442312,5.169925001442312,5.169925001442312,0.31645569620253167,5.169925001442312,5.169925001442312,5.169925001442312,0.31645569620253167,5.169925001442312,5.169925001442312,5.169925001442312,0.31645569620253167,5.169925001442312,5.169925001442312,5.169925001442312,0.31645569620253167,5.169925001442312,5.169925001442312,5.169925001442312,0.31645569620253167,5.169925001442312,5.169925001442312,5.169925001442312
0.31645569620253167,0.5849625007211562,0.7369655941662062,0.0,0.31645569620253167,14.239957219309753,14.239957219309753,7.1199786096548765,0.31645569620253167,8.905717929427622,8.905717929427622,8.905717929427622,0.31645569620253167,5.169925001442312,5.169925001442312,5.169925001442312,0.31645569620253167,5.169925001442312,5.169925001442312,5.169925001442312,0.31645569620253167,5.169925001442312,5.169925001442312,5.169925001442312,0.31645569620253167,5.169925001442312,5.169925001442312,5.169925001442312,0.31645569620253167,5.169925001442312,5.169925001442312,5.169925001442312,0.31645569620253167,5.169925001442312,5.169925001442312,5.169925001442312
0.32911392405063294,0.5849625007211562,0.7369655941662062,0.0,0.32911392405063294,14.239957219309753,14.239957219309753,7.1199786096548765,0.32911392405063294,8.905717929427622,8.905717929427622,8.905717929427622,0.32911392405063294,5.169925001442312,5.169925001442312,5.169925001442312,0.32911392405063294,5.169925001442312,5.169925001442312,5.169925001442312,0.32911392405063294,5.169925001442312,5.169925001442312,5.169925001442312,0.32911392405063294,5.169925001442312,5.169925001442312,5.169925001442312,0.32911392405063294,5.169925001442312,5.169925001442312,5.169925001442312,0.32911392405063294,5.169925001442312,5.169925001442312,5.169925001442312
0.32911392405063294,0.5849625007211562,0.7369655941662062,0.0,0.32911392405063294,14.239957219309753,14.239957219309753,14.239957219309753,0.32911392405063294,8.905717929427622,8.905717929427622,8.905717929427622,0.32911392405063294,5.169925001442312,5.169925001442312,5.169925001442312,0.32911392405063294,5.169925001442312,5.169925001442312,5.169925001442312,0.32911392405063294,5.169925001442312,5.169925001442312,5.169925001442312,0.32911392405063294,5.169925001442312,5.169925001442312,5.169925001442312,0.32911392405063294,5.169925001442312,5.169925001442312,5.169925001442312,0.32911392405063294,5.169925001442312,5.169925001442312,5.169925001442312
0.34177215189873417,0.5849625007211562,0.7369655941662062,0.0,0.34177215189873417,14.239957219309753,14.239957219309753,14.239957219309753,0.34177215189873417,8.905717929427622,8.905717929427622,8.905717929427622,0.34177215189873417,5.169925001442312,5.169925001442312,5.169925001442312,0.34177215189873417,5.169925001442312,5.169925001442312,5.169925001442312,0.34177215189873417,5.169925001442312,5.169925001442312,5.169925001442312,0.34177215189873417,5.169925001442312,5.169925001442312,5.169925001442312,0.34177215189873417,5.169925001442312,5.169925001442312,5.169925001442312,0.34177215189873417,5.169925001442312,5.169925001442312,5.169925001442312
0.34177215189873417,0.5849625007211562,0.8843073102413932,0.0,0.34177215189873417,14.239957219309753,14.239957219309753,14.239957219309753,0.34177215189873417,8.905717929427622,8.905717929427622,8.905717929427622,0.34177215189873417,5.169925001442312,5.169925001442312,5.169925001442312,0.34177215189873417,5.169925001442312,5.169925001442312,5.169925001442312,0.34177215189873417,5.169925001442312,5.169925001442312,5.169925001442312,0.34177215189873417,5.169925001442312,5.169925001442312,5.169925001442312,0.34177215189873417,5.169925001442312,5.169925001442312,5.169925001442312,0.34177215189873417,5.169925001442312,5.169925001442312,5.169925001442312
0.35443037974683544,0.5849625007211562,0.8843073102413932,0.0,0.35443037974683544,14.239957219309753,14.239957219309753,14.239957219309753,0.35443037974683544,8.905717929427622,8.905717929427622,8.905717929427622,0.35443037974683544,5.169925001442312,5.169925001442312,5.169925001442312,0.35443037974683544,5.169925001442312,5.169925001442312,5.169925001442312,0.35443037974683544,5.169925001442312,5.169925001442312,5.169925001442312,0.35443037974683544,5.169925001442312,5.169925001442312,5.169925001442312,0.35443037974683544,5.169925001442312,5.169925001442312,5.169925001442312,0.35443037974683544,5.169925001442312,5.169925001442312,5.169925001442312
0.35443037974683544,0.5849625007211562,0.8875252707415874,0.0,0.35443037974683544,14.239957219309753,14.239957219309753,14.239957219309753,0.35443037974683544,8.905717929427622,8.905717929427622,8.905717929427622,0.35443037974683544,5.169925001442312,5.169925001442312,5.169925001442312,0.35443037974683544,5.169925001442312,5.169925001442312,5.169925001442312,0.35443037974683544,5.169925001442312,5.169925001442312,5.169925001442312,0.35443037974683544,5.169925001442312,5.169925001442312,5.169925001442312,0.35443037974683544,5.169925001442312,5.169925001442312,5.169925001442312,0.35443037974683544,5.169925001442312,5.169925001442312,5.169925001442312
0.3670886075949367,0.5849625007211562,0.8875252707415874,0.0,0.3670886075949367,14.239957219309753,14.239957219309753,14.239957219309753,0.3670886075949367,8.905717929427622,8.905717929427622,8.905717929427622,0.3670886075949367,5.169925001442312,5.169925001442312,5.169925001442312,0.3670886075949367,5.169925001442312,5.169925001442312,5.169925001442312,0.3670886075949367,5.169925001442312,5.169925001442312,5.169925001442312,0.3670886075949367,5.169925001442312,5.169925001442312,5.169925001442312,0.3670886075949367,5.169925001442312,5.169925001442312,5.169925001442312,0.3670886075949367,5.169925001442312,5.169925001442312,5.169925001442312
0.3670886075949367,0.632268215499513,0.9913868696952918,0.0,0.3670886075949367,14.239957219309753,14.239957219309753,14.239957219309753,0.3670886075949367,8.905717929427622,8.905717929427622,8.905717929427622,0.3670886075949367,5.169925001442312,5.169925001442312,5.169925001442312,0.3670886075949367,5.169925001442312,5.169925001442312,5.169925001442312,0.3670886075949367,5.169925001442312,5.169925001442312,5.169925001442312,0.3670886075949367,5.169925001442312,5.169925001442312,5.169925001442312,0.3670886075949367,5.169925001442312,5.169925001442312,5.169925001442312,0.3670886075949367,5.169925001442312,5.169925001442312,5.169925001442312
0.379746835443038,0.632268215499513,0.9913868696952918,0.0,0.379746835443038,14.239957219309753,14.239957219309753,14.239957219309753,0.379746835443038,8.905717929427622,8.905717929427622,8.905717929427622,0.379746835443038,5.169925001442312,5.169925001442312,5.169925001442312,0.379746835443038,5.169925001442312,5.169925001442312,5.169925001442312,0.379746835443038,5.169925001442312,5.169925001442312,5.169925001442312,0.379746835443038,5.169925001442312,5.169925001442312,5.169925001442312,0.379746835443038,5.169925001442312,5.169925001442312,5.169925001442312,0.379746835443038,5.169925001442312,5.169925001442312,5.169925001442312
0.379746835443038,0.7162070339994087,1.1699250014423124,0.0,0.379746835443038,14.239957219309753,14.239957219309753,14.239957219309753,0.379746835443038,8.905717929427622,8.905717929427622,8.905717929427622,0.379746835443038,5.169925001442312,5.169925001442312,5.169925001442312,0.379746835443038,5.169925001442312,5.169925001442312,5.169925001442312,0.379746835443038,5.169925001442312,5.169925001442312,5.169925001442312,0.379746835443038,5.169925001442312,5.169925001442312,5.169925001442312,0.379746835443038,5.169925001442312,5.169925001442312,5.169925001442312,0.379746835443038,5.169925001442312,5.169925001442312,5.169925001442312
0.3924050632911392,0.7162070339994087,1.1699250014423124,0.0,0.3924050632911392,14.239957219309753,14.239957219309753,14.239957219309753,0.3924050632911392,8.905717929427622,8.905717929427622,8.905717929427622,0.3924050632911392,5.169925001442312,5.169925001442312,5.169925001442312,0.3924050632911392,5.169925001442312,5.169925001442312,5.169925001442312,0.3924050632911392,5.169925001442312,5.169925001442312,5.169925001442312,0.3924050632911392,5.169925001442312,5.169925001442312,5.169925001442312,0.3924050632911392,5.169925001442312,5.169925001442312,5.169925001442312,0.3924050632911392,5.169925001442312,5.169925001442312,5.169925001442312
0.3924050632911392,0.7507713936912367,1.3219280948873624,0.0,0.3924050632911392,14.239957219309753,14.239957219309753,14.239957219309753,0.3924050632911392,8.905717929427622,8.905717929427622,8.905717929427622,0.3924050632911392,5.169925001442312,5.169925001442312,5.169925001442312,0.3924050632911392,5.169925001442312,5.169925001442312,5.169925001442312,0.3924050632911392,5.169925001442312,5.169925001442312,5.169925001442312,0.3924050632911392,5.169925001442312,5.169925001442312,5.169925001442312,0.3924050632911392,5.169925001442312,5.169925001442312,5.169925001442312,0.3924050632911392,5.169925001442312,5.169925001442312,5.169925001442312
0.4050632911392405,0.7507713936912367,1.3219280948873624,0.0,0.4050632911392405,14.239957219309753,14.239957219309753,14.239957219309753,0.4050632911392405,8.905717929427622,8.905717929427622,8.905717929427622,0.4050632911392405,5.169925001442312,5.169925001442312,5.169925001442312,0.4050632911392405,5.169925001442312,5.169925001442312,5.169925001442312,0.4050632911392405,5.169925001442312,5.169925001442312,5.169925001442312,0.4050632911392405,5.169925001442312,5.169925001442312,5.169925001442312,0.4050632911392405,5.169925001442312,5.169925001442312,5.169925001442312,0.4050632911392405,5.169925001442312,5.169925001442312,5.169925001442312
0.4050632911392405,0.8871059435940667,1.6578940231750072,0.0,0.4050632911392405,14.239957219309753,14.239957219309753,14.239957219309753,0.4050632911392405,8.905717929427622,8.905717929427622,8.905717929427622,0.4050632911392405,5.169925001442312,5.169925001442312,5.169925001442312,0.4050632911392405,5.169925001442312,5.169925001442312,5.169925001442312,0.4050632911392405,5.169925001442312,5.169925001442312,5.169925001442312,0.4050632911392405,5.169925001442312,5.169925001442312,5.169925001442312,0.4050632911392405,5.169925001442312,5.169925001442312,5.169925001442312,0.4050632911392405,5.169925001442312,5.169925001442312,5.169925001442312
0.4177215189873418,0.8871059435940667,1.6578940231750072,0.0,0.4177215189873418,14.239957219309753,14.239957219309753,14.239957219309753,0.4177215189873418,8.905717929427622,8.905717929427622,8.905717929427622,0.4177215189873418,5.169925001442312,5.169925001442312,5.169925001442312,0.4177215189873418,5.169925001442312,5.169925001442312,5.169925001442312,0.4177215189873418,5.169925001442312,5.169925001442312,5.169925001442312,0.4177215189873418,5.169925001442312,5.169925001442312,5.169925001442312,0.4177215189873418,5.169925001442312,5.169925001442312,5.169925001442312,0.4177215189873418,5.169925001442312,5.169925001442312,5.169925001442312
0.4177215189873418,1.0,1.84799690655495,0.0,0.4177215189873418,14.239957219309753,14.239957219309753,14.239957219309753,0.4177215189873418,8.905717929427622,8.905717929427622,8.905717929427622,0.4177215189873418,5.169925001442312,5.169925001442312,5.169925001442312,0.4177215189873418,5.169925001442312,5.169925001442312,5.169925001442312,0.4177215189873418,5.169925001442312,5.169925001442312,5.169925001442312,0.4177215189873418,5.169925001442312,5.169925001442312,5.169925001442312,0.4177215189873418,5.169925001442312,5.169925001442312,5.169925001442312,0.4177215189873418,5.169925001442312,5.169925001442312,5.169925001442312
0.43037974683544306,1.0,1.84799690655495,0.0,0.43037974683544306,14.239957219309753,14.239957219309753,14.239957219309753,0.43037974683544306,8.905717929427622,8.905717929427622,8.905717929427622,0.43037974683544306,5.169925001442312,5.169925001442312,5.169925001442312,0.43037974683544306,5.169925001442312,5.169925001442312,5.169925001442312,0.43037974683544306,5.169925001442312,5.169925001442312,5.169925001442312,0.43037974683544306,5.169925001442312,5.169925001442312,5.169925001442312,0.43037974683544306,5.169925001442312,5.169925001442312,5.169925001442312,0.43037974683544306,5.169925001442312,5.169925001442312,5.169925001442312
0.43037974683544306,1.1699250014423124,1.9107326619029128,0.0,0.43037974683544306,14.239957219309753,14.239957219309753,14.239957219309753,0.43037974683544306,8.905717929427622,8.905717929427622,8.905717929427622,0.43037974683544306,5.169925001442312,5.169925001442312,5.169925001442312,0.43037974683544306,5.169925001442312,5.169925001442312,5.169925001442312,0.43037974683544306,5.169925001442312,5.169925001442312,5.169925001442312,0.43037974683544306,5.169925001442312,5.169925001442312,5.169925001442312,0.43037974683544306,5.169925001442312,5.169925001442312,5.169925001442312,0.43037974683544306,5.169925001442312,5.169925001442312,5.169925001442312
0.44303797468354433,1.1699250014423124,1.9107326619029128,0.0,0.44303797468354433,14.239957219309753,14.239957219309753,14.239957219309753,0.44303797468354433,8.905717929427622,8.905717929427622,8.905717929427622,0.44303797468354433,5.169925001442312,5.169925001442312,5.169925001442312,0.44303797468354433,5.169925001442312,5.169925001442312,5.169925001442312,0.44303797468354433,5.169925001442312,5.169925001442312,5.169925001442312,0.44303797468354433,5.169925001442312,5.169925001442312,5.169925001442312,0.44303797468354433,5.169925001442312,5.169925001442312,5.169925001442312,0.44303797468354433,5.169925001442312,5.169925001442312,5.169925001442312
0.44303797468354433,1.5956097449206648,2.019469864198225,0.035189428462300186,0.44303797468354433,14.239957219309753,14.239957219309753,14.239957219309753,0.44303797468354433,8.905717929427622,8.905717929427622,8.905717929427622,0.44303797468354433,5.169925001442312,5.169925001442312,5.169925001442312,0.44303797468354433,5.169925001442312,5.169925001442312,5.169925001442312,0.44303797468354433,5.169925001442312,5.169925001442312,5.169925001442312,0.44303797468354433,5.169925001442312,5.169925001442312,5.169925001442312,0.44303797468354433,5.169925001442312,5.169925001442312,5.169925001442312,0.44303797468354433,5.169925001442312,5.169925001442312,5.169925001442312
0.45569620253164556,1.5956097449206648,2.019469864198225,0.035189428462300186,0.45569620253164556,14.239957219309753,14.239957219309753,14.239957219309753,0.45569620253164556,8.905717929427622,8.905717929427622,8.905717929427622,0.45569620253164556,5.169925001442312,5.169925001442312,5.169925001442312,0.45569620253164556,5.169925001442312,5.169925001442312,5.169925001442312,0.45569620253164556,5.169925001442312,5.169925001442312,5.169925001442312,0.45569620253164556,5.169925001442312,5.169925001442312,5.169925001442312,0.45569620253164556,5.169925001442312,5.169925001442312,5.169925001442312,0.45569620253164556,5.169925001442312,5.169925001442312,5.169925001442312
0.45569620253164556,1.893084796083488,4.82273014794452,0.14543043952156395,0.45569620253164556,14.239957219309753,14.239957219309753,14.239957219309753,0.45569620253164556,8.905717929427622,8.905717929427622,8.905717929427622,0.45569620253164556,5.169925001442312,5.169925001442312,5.169925001442312,0.45569620253164556,5.169925001442312,5.169925001442312,5.169925001442312,0.45569620253164556,5.169925001442312,5.169925001442312,5.169925001442312,0.45569620253164556,5.169925001442312,5.169925001442312,5.169925001442312,0.45569620253164556,5.169925001442312,5.169925001442312,5.169925001442312,0.45569620253164556,5.169925001442312,5.169925001442312,5.169925001442312
0.46835443037974683,1.893084796083488,4.82273014794452,0.14543043952156395,0.46835443037974683,14.239957219309753,14.239957219309753,14.239957219309753,0.46835443037974683,8.905717929427622,8.905717929427622,8.905717929427622,0.46835443037974683,5.169925001442312,5.169925001442312,5.169925001442312,0.46835443037974683,5.169925001442312,5.169925001442312,5.169925001442312,0.46835443037974683,5.169925001442312,5.169925001442312,5.169925001442312,0.46835443037974683,5.169925001442312,5.169925001442312,5.169925001442312,0.46835443037974683,5.169925001442312,5.169925001442312,5.169925001442312,0.46835443037974683,5.169925001442312,5.169925001442312,5.169925001442312
0.46835443037974683,1.9411063109464315,15.69849740552882,0.21412480535284734,0.46835443037974683,14.239957219309753,14.239957219309753,14.239957219309753,0.46835443037974683,8.905717929427622,8.905717929427622,8.905717929427622,0.46835443037974683,5.169925001442312,5.169925001442312,5.169925001442312,0.46835443037974683,5.169925001442312,5.169925001442312,5.169925001442312,0.46835443037974683,5.169925001442312,5.169925001442312,5.169925001442312,0.46835443037974683,5.169925001442312,5.169925001442312,5.169925001442312,0.46835443037974683,5.169925001442312,5.169925001442312,5.169925001442312,0.46835443037974683,5.169925001442312,5.169925001442312,5.169925001442312
0.4810126582278481,1.9411063109464315,15.69849740552882,0.21412480535284734,0.4810126582278481,14.239957219309753,14.239957219309753,14.239957219309753,0.4810126582278481,8.905717929427622,8.905717929427622,8.905717929427622,0.4810126582278481,5.169925001442312,5.169925001442312,5.169925001442312,0.4810126582278481,5.169925001442312,5.169925001442312,5.169925001442312,0.4810126582278481,5.169925001442312,5.169925001442312,5.169925001442312,0.4810126582278481,5.169925001442312,5.169925001442312,5.169925001442312,0.4810126582278481,5.169925001442312,5.169925001442312,5.169925001442312,0.4810126582278481,5.169925001442312,5.169925001442312,5.169925001442312
0.4810126582278481,1.9634741239748859,15.69849740552882,0.3499424710569591,0.4810126582278481,14.239957219309753,14.239957219309753,14.239957219309753,0.4810126582278481,8.905717929427622,8.905717929427622,8.905717929427622,0.4810126582278481,5.169925001442312,5.169925001442312,5.169925001442312,0.4810126582278481,5.169925001442312,5.169925001442312,5.169925001442312,0.4810126582278481,5.169925001442312,5.169925001442312,5.169925001442312,0.4810126582278481,5.169925001442312,5.169925001442312,5.169925001442312,0.4810126582278481,5.169925001442312,5.169925001442312,5.169925001442312,0.4810126582278481,5.169925001442312,5.169925001442312,5.169925001442312
0.4936708860759494,1.9634741239748859,15.69849740552882,0.3499424710569591,0.4936708860759494,14.239957219309753,14.239957219309753,14.239957219309753,0.4936708860759494,8.905717929427622,8.905717929427622,8.905717929427622,0.4936708860759494,5.169925001442312,5.169925001442312,5.169925001442312,0.4936708860759494,5.169925001442312,5.169925001442312,5.169925001442312,0.4936708860759494,5.169925001442312,5.169925001442312,5.169925001442312,0.4936708860759494,5.169925001442312,5.169925001442312,5.169925001442312,0.4936708860759494,5.169925001442312,5.169925001442312,5.169925001442312,0.4936708860759494,5.169925001442312,5.169925001442312,5.169925001442312
0.4936708860759494,2.053866871978736,15.69849740552882,0.415037499278844,0.4936708860759494,14.239957219309753,14.239957219309753,14.239957219309753,0.4936708860759494,8.905717929427622,8.905717929427622,8.905717929427622,0.4936708860759494,5.169925001442312,5.169925001442312,5.169925001442312,0.4936708860759494,5.169925001442312,5.169925001442312,5.169925001442312,0.4936708860759494,5.169925001442312,5.169925001442312,5.169925001442312,0.4936708860759494,5.169925001442312,5.169925001442312,5.169925001442312,0.4936708860759494,5.169925001442312,5.169925001442312,5.169925001442312,0.4936708860759494,5.169925001442312,5.169925001442312,5.169925001442312
0.5063291139240506,2.053866871978736,15.69849740552882,0.415037499278844,0.5063291139240506,14.239957219309753,14.239957219309753,14.239957219309753,0.5063291139240506,8.905717929427622,8.905717929427622,8.905717929427622,0.5063291139240506,5.169925001442312,5.169925001442312,5.169925001442312,0.5063291139240506,5.169925001442312,5.169925001442312,5.169925001442312,0.5063291139240506,5.169925001442312,5.169925001442312,5.169925001442312,0.5063291139240506,5.169925001442312,5.169925001442312,5.169925001442312,0.5063291139240506,5.169925001442312,5.169925001442312,5.169925001442312,0.5063291139240506,5.169925001442312,5.169925001442312,5.169925001442312
0.5063291139240506,2.098134318374302,15.69849740552882,0.5849625007211562,0.5063291139240506,14.239957219309753,14.239957219309753,14.239957219309753,0.5063291139240506,8.905717929427622,8.905717929427622,8.905717929427622,0.5063291139240506,5.169925001442312,5.169925001442312,5.169925001442312,0.5063291139240506,5.169925001442312,5.169925001442312,5.169925001442312,0.5063291139240506,5.169925001442312,5.169925001442312,5.169925001442312,0.5063291139240506,5.169925001442312,5.169925001442312,5.169925001442312,0.5063291139240506,5.169925001442312,5.169925001442312,5.169925001442312,0.5063291139240506,5.169925001442312,5.169925001442312,5.169925001442312
0.5189873417721519,2.098134318374302,15.69849740552882,0.5849625007211562,0.5189873417721519,14.239957219309753,14.239957219309753,14.239957219309753,0.5189873417721519,8.905717929427622,8.905717929427622,8.905717929427622,0.5189873417721519,5.169925001442312,5.169925001442312,5.169925001442312,0.5189873417721519,5.169925001442312,5.169925001442312,5.169925001442312,0.5189873417721519,5.169925001442312,5.169925001442312,5.169925001442312,0.5189873417721519,5.169925001442312,5.169925001442312,5.169925001442312,0.5189873417721519,5.169925001442312,5.169925001442312,5.169925001442312,0.5189873417721519,5.169925001442312,5.169925001442312,5.169925001442312
0.5189873417721519,2.5109619192773796,15.69849740552882,0.6325144302011754,0.5189873417721519,14.239957219309753,14.239957219309753,14.239957219309753,0.5189873417721519,8.905717929427622,8.905717929427622,8.905717929427622,0.5189873417721519,5.169925001442312,5.169925001442312,5.169925001442312,0.5189873417721519,5.169925001442312,5.169925001442312,5.169925001442312,0.5189873417721519,5.169925001442312,5.169925001442312,5.169925001442312,0.5189873417721519,5.169925001442312,5.169925001442312,5.169925001442312,0.5189873417721519,5.169925001442312,5.169925001442312,5.169925001442312,0.5189873417721519,5.169925001442312,5.169925001442312,5.169925001442312
0.5316455696202531,2.5109619192773796,15.69849740552882,0.6325144302011754,0.5316455696202531,14.239957219309753,14.239957219309753,14.239957219309753,0.5316455696202531,8.905717929427622,8.905717929427622,8.905717929427622,0.5316455696202531,5.169925001442312,5.169925001442312,5.169925001442312,0.5316455696202531,5.169925001442312,5.169925001442312,5.169925001442312,0.5316455696202531,5.169925001442312,5.169925001442312,5.169925001442312,0.5316455696202531,5.169925001442312,5.169925001442312,5.169925001442312,0.5316455696202531,5.169925001442312,5.169925001442312,5.169925001442312,0.5316455696202531,5.169925001442312,5.169925001442312,5.169925001442312
0.5316455696202531,2.584962500721156,15.69849740552882,1.1912244032427686,0.5316455696202531,14.239957219309753,14.239957219309753,14.239957219309753,0.5316455696202531,8.905717929427622,8.905717929427622,8.905717929427622,0.5316455696202531,5.169925001442312,5.169925001442312,5.169925001442312,0.5316455696202531,5.169925001442312,5.169925001442312,5.169925001442312,0.5316455696202531,5.169925001442312,5.169925001442312,5.169925001442312,0.5316455696202531,5.169925001442312,5.169925001442312,5.169925001442312,0.5316455696202531,5.169925001442312,5.169925001442312,5.169925001442312,0.5316455696202531,5.169925001442312,5.169925001442312,5.169925001442312
0.5443037974683543,2.584962500721156,15.69849740552882,1.1912244032427686,0.5443037974683543,14.239957219309753,14.239957219309753,14.239957219309753,0.5443037974683543,8.905717929427622,8.905717929427622,8.905717929427622,0.5443037974683543,5.169925001442312,5.169925001442312,5.169925001442312,0.5443037974683543,5.169925001442312,5.169925001442312,5.169925001442312,0.5443037974683543,5.169925001442312,5.169925001442312,5.169925001442312,0.5443037974683543,5.169925001442312,5.169925001442312,5.169925001442312,0.5443037974683543,5.169925001442312,5.169925001442312,5.169925001442312,0.5443037974683543,5.169925001442312,5.169925001442312,5.169925001442312
0.5443037974683543,7.596935142387232,15.69849740552882,2.0,0.5443037974683543,14.239957219309753,14.239957219309753,14.239957219309753,0.5443037974683543,8.905717929427622,8.905717929427622,8.905717929427622,0.5443037974683543,5.169925001442312,5.169925001442312,5.169925001442312,0.5443037974683543,5.169925001442312,5.169925001442312,5.169925001442312,0.5443037974683543,5.169925001442312,5.169925001442312,5.169925001442312,0.5443037974683543,5.169925001442312,5.169925001442312,5.169925001442312,0.5443037974683543,5.169925001442312,5.169925001442312,5.169925001442312,0.5443037974683543,5.169925001442312,5.169925001442312,5.169925001442312
0.5569620253164557,7.596935142387232,15.69849740552882,2.0,0.5569620253164557,14.239957219309753,14.239957219309753,14.239957219309753,0.5569620253164557,8.905717929427622,8.905717929427622,8.905717929427622,0.5569620253164557,5.169925001442312,5.169925001442312,5.169925001442312,0.5569620253164557,5.169925001442312,5.169925001442312,5.169925001442312,0.5569620253164557,5.169925001442312,5.169925001442312,5.169925001442312,0.5569620253164557,5.169925001442312,5.169925001442312,5.169925001442312,0.5569620253164557,5.169925001442312,5.169925001442312,5.169925001442312,0.5569620253164557,5.169925001442312,5.169925001442312,5.169925001442312
0.5569620253164557,15.69849740552882,15.69849740552882,2.321928094887362,0.5569620253164557,14.239957219309753,14.239957219309753,14.239957219309753,0.5569620253164557,8.905717929427622,8.905717929427622,8.905717929427622,0.5569620253164557,5.169925001442312,5.169925001442312,5.169925001442312,0.5569620253164557,5.169925001442312,5.169925001442312,5.169925001442312,0.5569620253164557,5.169925001442312,5.169925001442312,5.169925001442312,0.5569620253164557,5.169925001442312,5.169925001442312,5.169925001442312,0.5569620253164557,5.169925001442312,5.169925001442312,5.169925001442312,0.5569620253164557,5.169925001442312,5.169925001442312,5.169925001442312
0.5696202531645569,15.69849740552882,15.69849740552882,2.321928094887362,0.5696202531645569,14.239957219309753,14.239957219309753,14.239957219309753,0.5696202531645569,8.905717929427622,8.905717929427622,8.905717929427622,0.5696202531645569,5.169925001442312,5.169925001442312,5.169925001442312,0.5696202531645569,5.169925001442312,5.169925001442312,5.169925001442312,0.5696202531645569,5.169925001442312,5.169925001442312,5.169925001442312,0.5696202531645569,5.169925001442312,5.169925001442312,5.169925001442312,0.5696202531645569,5.169925001442312,5.169925001442312,5.169925001442312,0.5696202531645569,5.169925001442312,5.169925001442312,5.169925001442312
0.5696202531645569,15.69849740552882,15.69849740552882,6.662490363913776,0.5696202531645569,14.239957219309753,14.239957219309753,14.239957219309753,0.5696202531645569,8.905717929427622,8.905717929427622,8.905717929427622,0.5696202531645569,5.169925001442312,5.169925001442312,5.169925001442312,0.5696202531645569,5.169925001442312,5.169925001442312,5.169925001442312,0.5696202531645569,5.169925001442312,5.169925001442312,5.169925001442312,0.5696202531645569,5.169925001442312,5.169925001442312,5.169925001442312,0.5696202531645569,5.169925001442312,5.169925001442312,5.169925001442312,0.5696202531645569,5.169925001442312,5.169925001442312,5.169925001442312
0.5822784810126582,15.69849740552882,15.69849740552882,6.662490363913776,0.5822784810126582,14.239957219309753,14.239957219309753,14.239957219309753,0.5822784810126582,8.905717929427622,8.905717929427622,8.905717929427622,0.5822784810126582,5.169925001442312,5.169925001442312,5.169925001442312,0.5822784810126582,5.169925001442312,5.169925001442312,5.169925001442312,0.5822784810126582,5.169925001442312,5.169925001442312,5.169925001442312,0.5822784810126582,5.169925001442312,5.169925001442312,5.169925001442312,0.5822784810126582,5.169925001442312,5.169925001442312,5.169925001442312,0.5822784810126582,5.169925001442312,5.169925001442312,5.169925001442312
0.5822784810126582,15.69849740552882,15.69849740552882,7.84924870276441,0.5822784810126582,14.239957219309753,14.239957219309753,14.239957219309753,0.5822784810126582,8.905717929427622,8.905717929427622,8.905717929427622,0.5822784810126582,5.169925001442312,5.169925001442312,5.169925001442312,0.5822784810126582,5.169925001442312,5.169925001442312,5.169925001442312,0.5822784810126582,5.169925001442312,5.169925001442312,5.169925001442312,0.5822784810126582,5.169925001442312,5.169925001442312,5.169925001442312,0.5822784810126582,5.169925001442312,5.169925001442312,5.169925001442312,0.5822784810126582,5.169925001442312,5.169925001442312,5.169925001442312
0.5949367088607594,15.69849740552882,15.69849740552882,7.84924870276441,0.5949367088607594,14.239957219309753,14.239957219309753,14.239957219309753,0.5949367088607594,8.905717929427622,8.905717929427622,8.905717929427622,0.5949367088607594,5.169925001442312,5.169925001442312,5.169925001442312,0.5949367088607594,5.169925001442312,5.169925001442312,5.169925001442312,0.5949367088607594,5.169925001442312,5.169925001442312,5.169925001442312,0.5949367088607594,5.169925001442312,5.169925001442312,5.169925001442312,0.5949367088607594,5.169925001442312,5.169925001442312,5.169925001442312,0.5949367088607594,5.169925001442312,5.169925001442312,5.169925001442312
0.5949367088607594,15.69849740552882,15.69849740552882,15.69849740552882,0.5949367088607594,14.239957219309753,14.239957219309753,14.239957219309753,0.5949367088607594,8.905717929427622,8.905717929427622,8.905717929427622,0.5949367088607594,5.169925001442312,5.169925001442312,5.169925001442312,0.5949367088607594,5.169925001442312,5.169925001442312,5.169925001442312,0.5949367088607594,5.169925001442312,5.169925001442312,5.169925001442312,0.5949367088607594,5.169925001442312,5.169925001442312,5.169925001442312,0.5949367088607594,5.169925001442312,5.169925001442312,5.169925001442312,0.5949367088607594,5.169925001442312,5.169925001442312,5.169925001442312
0.6075949367088607,15.69849740552882,15.69849740552882,15.69849740552882,0.6075949367088607,14.239957219309753,14.239957219309753,14.239957219309753,0.6075949367088607,8.905717929427622,8.905717929427622,8.905717929427622,0.6075949367088607,5.169925001442312,5.169925001442312,5.169925001442312,0.6075949367088607,5.169925001442312,5.169925001442312,5.169925001442312,0.6075949367088607,5.169925001442312,5.169925001442312,5.169925001442312,0.6075949367088607,5.169925001442312,5.169925001442312,5.169925001442312,0.6075949367088607,5.169925001442312,5.169925001442312,5.169925001442312,0.6075949367088607,5.169925001442312,5.169925001442312,5.169925001442312
0.6075949367088607,15.69849740552882,15.69849740552882,15.69849740552882,0.6075949367088607,14.239957219309753,14.239957219309753,14.239957219309753,0.6075949367088607,8.905717929427622,8.905717929427622,8.905717929427622,0.6075949367088607,5.169925001442312,5.169925001442312,5.169925001442312,0.6075949367088607,5.169925001442312,5.169925001442312,5.169925001442312,0.6075949367088607,5.169925001442312,5.169925001442312,5.169925001442312,0.6075949367088607,5.169925001442312,5.169925001442312,5.169925001442312,0.6075949367088607,5.169925001442312,5.169925001442312,5.169925001442312,0.6075949367088607,5.169925001442312,5.169925001442312,5.169925001442312
0.620253164556962,15.69849740552882,15.69849740552882,15.69849740552882,0.620253164556962,14.239957219309753,14.239957219309753,14.239957219309753,0.620253164556962,8.905717929427622,8.905717929427622,8.905717929427622,0.620253164556962,5.169925001442312,5.169925001442312,5.169925001442312,0.620253164556962,5.169925001442312,5.169925001442312,5.169925001442312,0.620253164556962,5.169925001442312,5.169925001442312,5.169925001442312,0.620253164556962,5.169925001442312,5.169925001442312,5.169925001442312,0.620253164556962,5.169925001442312,5.169925001442312,5.169925001442312,0.620253164556962,5.169925001442312,5.169925001442312,5.169925001442312
0.620253164556962,15.69849740552882,15.69849740552882,15.69849740552882,0.620253164556962,14.239957219309753,14.239957219309753,14.239957219309753,0.620253164556962,8.905717929427622,8.905717929427622,8.905717929427622,0.620253164556962,5.169925001442312,5.169925001442312,5.169925001442312,0.620253164556962,5.169925001442312,5.169925001442312,5.169925001442312,0.620253164556962,5.169925001442312,5.169925001442312,5.169925001442312,0.620253164556962,5.169925001442312,5.169925001442312,5.169925001442312,0.620253164556962,5.169925001442312,5.169925001442312,5.169925001442312,0.620253164556962,5.169925001442312,5.169925001442312,5.169925001442312
0.6329113924050632,15.69849740552882,15.69849740552882,15.69849740552882,0.6329113924050632,14.239957219309753,14.239957219309753,14.239957219309753,0.6329113924050632,8.905717929427622,8.905717929427622,8.905717929427622,0.6329113924050632,5.169925001442312,5.169925001442312,5.169925001442312,0.6329113924050632,5.169925001442312,5.169925001442312,5.169925001442312,0.6329113924050632,5.169925001442312,5.169925001442312,5.169925001442312,0.6329113924050632,5.169925001442312,5.169925001442312,5.169925001442312,0.6329113924050632,5.169925001442312,5.169925001442312,5.169925001442312,0.6329113924050632,5.169925001442312,5.169925001442312,5.169925001442312
0.6329113924050632,15.69849740552882,15.69849740552882,15.69849740552882,0.6329113924050632,14.239957219309753,14.239957219309753,14.239957219309753,0.6329113924050632,8.905717929427622,8.905717929427622,8.905717929427622,0.6329113924050632,5.169925001442312,5.169925001442312,5.169925001442312,0.6329113924050632,5.169925001442312,5.169925001442312,5.169925001442312,0.6329113924050632,5.169925001442312,5.169925001442312,5.169925001442312,0.6329113924050632,5.169925001442312,5.169925001442312,5.169925001442312,0.6329113924050632,5.169925001442312,5.169925001442312,5.169925001442312,0.6329113924050632,5.169925001442312,5.169925001442312,5.169925001442312
0.6455696202531646,15.69849740552882,15.69849740552882,15.69849740552882,0.6455696202531646,14.239957219309753,14.239957219309753,14.239957219309753,0.6455696202531646,8.905717929427622,8.905717929427622,8.905717929427622,0.6455696202531646,5.169925001442312,5.169925001442312,5.169925001442312,0.6455696202531646,5.169925001442312,5.169925001442312,5.169925001442312,0.6455696202531646,5.169925001442312,5.169925001442312,5.169925001442312,0.6455696202531646,5.169925001442312,5.169925001442312,5.169925001442312,0.6455696202531646,5.169925001442312,5.169925001442312,5.169925001442312,0.6455696202531646,5.169925001442312,5.169925001442312,5.169925001442312
0.6455696202531646,15.69849740552882,15.69849740552882,15.69849740552882,0.6455696202531646,14.239957219309753,14.239957219309753,14.239957219309753,0.6455696202531646,8.905717929427622,8.905717929427622,8.905717929427622,0.6455696202531646,5.169925001442312,5.169925001442312,5.169925001442312,0.6455696202531646,5.169925001442312,5.169925001442312,5.169925001442312,0.6455696202531646,5.169925001442312,5.169925001442312,5.169925001442312,0.6455696202531646,5.169925001442312,5.169925001442312,5.169925001442312,0.6455696202531646,5.169925001442312,5.169925001442312,5.169925001442312,0.6455696202531646,5.169925001442312,5.169925001442312,5.169925001442312
0.6582278481012658,15.69849740552882,15.69849740552882,15.69849740552882,0.6582278481012658,14.239957219309753,14.239957219309753,14.239957219309753,0.6582278481012658,8.905717929427622,8.905717929427622,8.905717929427622,0.6582278481012658,5.169925001442312,5.169925001442312,5.169925001442312,0.6582278481012658,5.169925001442312,5.169925001442312,5.169925001442312,0.6582278481012658,5.169925001442312,5.169925001442312,5.169925001442312,0.6582278481012658,5.169925001442312,5.169925001442312,5.169925001442312,0.6582278481012658,5.169925001442312,5.169925001442312,5.169925001442312,0.6582278481012658,5.169925001442312,5.169925001442312,5.169925001442312
0.6582278481012658,15.69849740552882,15.69849740552882,15.69849740552882,0.6582278481012658,14.239957219309753,14.239957219309753,14.239957219309753,0.6582278481012658,8.905717929427622,8.905717929427622,8.905717929427622,0.6582278481012658,5.169925001442312,5.169925001442312,5.169925001442312,0.6582278481012658,5.169925001442312,5.169925001442312,5.169925001442312,0.6582278481012658,5.169925001442312,5.169925001442312,5.169925001442312,0.6582278481012658,5.169925001442312,5.169925001442312,5.169925001442312,0.6582278481012658,5.169925001442312,5.169925001442312,5.169925001442312,0.6582278481012658,5.169925001442312,5.169925001442312,5.169925001442312
0.670886075949367,15.69849740552882,15.69849740552882,15.69849740552882,0.670886075949367,14.239957219309753,14.239957219309753,14.239957219309753,0.670886075949367,8.905717929427622,8.905717929427622,8.905717929427622,0.670886075949367,5.169925001442312,5.169925001442312,5.169925001442312,0.670886075949367,5.169925001442312,5.169925001442312,5.169925001442312,0.670886075949367,5.169925001442312,5.169925001442312,5.169925001442312,0.670886075949367,5.169925001442312,5.169925001442312,5.169925001442312,0.670886075949367,5.169925001442312,5.169925001442312,5.169925001442312,0.670886075949367,5.169925001442312,5.169925001442312,5.169925001442312
0.670886075949367,15.69849740552882,15.69849740552882,15.69849740552882,0.670886075949367,14.239957219309753,14.239957219309753,14.239957219309753,0.670886075949367,8.905717929427622,8.905717929427622,8.905717929427622,0.670886075949367,5.169925001442312,5.169925001442312,5.169925001442312,0.670886075949367,5.169925001442312,5.169925001442312,5.169925001442312,0.670886075949367,5.169925001442312,5.169925001442312,5.169925001442312,0.670886075949367,5.169925001442312,5.169925001442312,5.169925001442312,0.670886075949367,5.169925001442312,5.169925001442312,5.169925001442312,0.670886075949367,5.169925001442312,5.169925001442312,5.169925001442312
0.6835443037974683,15.69849740552882,15.69849740552882,15.69849740552882,0.6835443037974683,14.239957219309753,14.239957219309753,14.239957219309753,0.6835443037974683,8.905717929427622,8.905717929427622,8.905717929427622,0.6835443037974683,5.169925001442312,5.169925001442312,5.169925001442312,0.6835443037974683,5.169925001442312,5.169925001442312,5.169925001442312,0.6835443037974683,5.169925001442312,5.169925001442312,5.169925001442312,0.6835443037974683,5.169925001442312,5.169925001442312,5.169925001442312,0.6835443037974683,5.169925001442312,5.169925001442312,5.169925001442312,0.6835443037974683,5.169925001442312,5.169925001442312,5.169925001442312
0.6835443037974683,15.69849740552882,15.69849740552882,15.69849740552882,0.6835443037974683,14.239957219309753,14.239957219309753,14.239957219309753,0.6835443037974683,8.905717929427622,8.905717929427622,8.905717929427622,0.6835443037974683,5.169925001442312,5.169925001442312,5.169925001442312,0.6835443037974683,5.169925001442312,5.169925001442312,5.169925001442312,0.6835443037974683,5.169925001442312,5.169925001442312,5.169925001442312,0.6835443037974683,5.169925001442312,5.169925001442312,5.169925001442312,0.6835443037974683,5.169925001442312,5.169925001442312,5.169925001442312,0.6835443037974683,5.169925001442312,5.169925001442312,5.169925001442312
0.6962025316455696,15.69849740552882,15.69849740552882,15.69849740552882,0.6962025316455696,14.239957219309753,14.239957219309753,14.239957219309753,0.6962025316455696,8.905717929427622,8.905717929427622,8.905717929427622,0.6962025316455696,5.169925001442312,5.169925001442312,5.169925001442312,0.6962025316455696,5.169925001442312,5.169925001442312,5.169925001442312,0.6962025316455696,5.169925001442312,5.169925001442312,5.169925001442312,0.6962025316455696,5.169925001442312,5.169925001442312,5.169925001442312,0.6962025316455696,5.169925001442312,5.169925001442312,5.169925001442312,0.6962025316455696,5.169925001442312,5.169925001442312,5.169925001442312
0.6962025316455696,15.69849740552882,15.69849740552882,15.69849740552882,0.6962025316455696,14.239957219309753,14.239957219309753,14.239957219309753,0.6962025316455696,8.905717929427622,8.905717929427622,8.905717929427622,0.6962025316455696,5.169925001442312,5.169925001442312,5.169925001442312,0.6962025316455696,5.169925001442312,5.169925001442312,5.169925001442312,0.6962025316455696,5.169925001442312,5.169925001442312,5.169925001442312,0.6962025316455696,5.169925001442312,5.169925001442312,5.169925001442312,0.6962025316455696,5.169925001442312,5.169925001442312,5.169925001442312,0.6962025316455696,5.169925001442312,5.169925001442312,5.169925001442312
0.7088607594936708,15.69849740552882,15.69849740552882,15.69849740552882,0.7088607594936708,14.239957219309753,14.239957219309753,14.239957219309753,0.7088607594936708,8.905717929427622,8.905717929427622,8.905717929427622,0.7088607594936708,5.169925001442312,5.169925001442312,5.169925001442312,0.7088607594936708,5.169925001442312,5.169925001442312,5.169925001442312,0.7088607594936708,5.169925001442312,5.169925001442312,5.169925001442312,0.7088607594936708,5.169925001442312,5.169925001442312,5.169925001442312,0.7088607594936708,5.169925001442312,5.169925001442312,5.169925001442312,0.7088607594936708,5.169925001442312,5.169925001442312,5.169925001442312
0.7088607594936708,15.69849740552882,15.69849740552882,15.69849740552882,0.7088607594936708,14.239957219309753,14.239957219309753,14.239957219309753,0.7088607594936708,8.905717929427622,8.905717929427622,8.905717929427622,0.7088607594936708,5.169925001442312,5.169925001442312,5.169925001442312,0.7088607594936708,5.169925001442312,5.169925001442312,5.169925001442312,0.7088607594936708,5.169925001442312,5.169925001442312,5.169925001442312,0.7088607594936708,5.169925001442312,5.169925001442312,5.169925001442312,0.7088607594936708,5.169925001442312,5.169925001442312,5.169925001442312,0.7088607594936708,5.169925001442312,5.169925001442312,5.169925001442312
0.7215189873417721,15.69849740552882,15.69849740552882,15.69849740552882,0.7215189873417721,14.239957219309753,14.239957219309753,14.239957219309753,0.7215189873417721,8.905717929427622,8.905717929427622,8.905717929427622,0.7215189873417721,5.169925001442312,5.169925001442312,5.169925001442312,0.7215189873417721,5.169925001442312,5.169925001442312,5.169925001442312,0.7215189873417721,5.169925001442312,5.169925001442312,5.169925001442312,0.7215189873417721,5.169925001442312,5.169925001442312,5.169925001442312,0.7215189873417721,5.169925001442312,5.169925001442312,5.169925001442312,0.7215189873417721,5.169925001442312,5.169925001442312,5.169925001442312
0.7215189873417721,15.69849740552882,15.69849740552882,15.69849740552882,0.7215189873417721,14.239957219309753,14.239957219309753,14.239957219309753,0.7215189873417721,8.905717929427622,8.905717929427622,8.905717929427622,0.7215189873417721,5.169925001442312,5.169925001442312,5.169925001442312,0.7215189873417721,5.169925001442312,5.169925001442312,5.169925001442312,0.7215189873417721,5.169925001442312,5.169925001442312,5.169925001442312,0.7215189873417721,5.169925001442312,5.169925001442312,5.169925001442312,0.7215189873417721,5.169925001442312,5.169925001442312,5.169925001442312,0.7215189873417721,5.169925001442312,5.169925001442312,5.169925001442312
0.7341772151898733,15.69849740552882,15.69849740552882,15.69849740552882,0.7341772151898733,14.239957219309753,14.239957219309753,14.239957219309753,0.7341772151898733,8.905717929427622,8.905717929427622,8.905717929427622,0.7341772151898733,5.169925001442312,5.169925001442312,5.169925001442312,0.7341772151898733,5.169925001442312,5.169925001442312,5.169925001442312,0.7341772151898733,5.169925001442312,5.169925001442312,5.169925001442312,0.7341772151898733,5.169925001442312,5.169925001442312,5.169925001442312,0.7341772151898733,5.169925001442312,5.169925001442312,5.169925001442312,0.7341772151898733,5.169925001442312,5.169925001442312,5.169925001442312
0.7341772151898733,15.69849740552882,15.69849740552882,15.69849740552882,0.7341772151898733,14.239957219309753,14.239957219309753,14.239957219309753,0.7341772151898733,8.905717929427622,8.905717929427622,8.905717929427622,0.7341772151898733,5.169925001442312,5.169925001442312,5.169925001442312,0.7341772151898733,5.169925001442312,5.169925001442312,5.169925001442312,0.7341772151898733,5.169925001442312,5.169925001442312,5.169925001442312,0.7341772151898733,5.169925001442312,5.169925001442312,5.169925001442312,0.7341772151898733,5.169925001442312,5.169925001442312,5.169925001442312,0.7341772151898733,5.169925001442312,5.169925001442312,5.169925001442312
0.7468354430379747,15.69849740552882,15.69849740552882,15.69849740552882,0.7468354430379747,14.239957219309753,14.239957219309753,14.239957219309753,0.7468354430379747,8.905717929427622,8.905717929427622,8.905717929427622,0.7468354430379747,5.169925001442312,5.169925001442312,5.169925001442312,0.7468354430379747,5.169925001442312,5.169925001442312,5.169925001442312,0.7468354430379747,5.169925001442312,5.169925001442312,5.169925001442312,0.7468354430379747,5.169925001442312,5.169925001442312,5.169925001442312,0.7468354430379747,5.169925001442312,5.169925001442312,5.169925001442312,0.7468354430379747,5.169925001442312,5.169925001442312,5.169925001442312
0.7468354430379747,15.69849740552882,15.69849740552882,15.69849740552882,0.7468354430379747,14.239957219309753,14.239957219309753,14.239957219309753,0.7468354430379747,8.905717929427622,8.905717929427622,8.905717929427622,0.7468354430379747,5.169925001442312,5.169925001442312,5.169925001442312,0.7468354430379747,5.169925001442312,5.169925001442312,5.169925001442312,0.7468354430379747,5.169925001442312,5.169925001442312,5.169925001442312,0.7468354430379747,5.169925001442312,5.169925001442312,5.169925001442312,0.7468354430379747,5.169925001442312,5.169925001442312,5.169925001442312,0.7468354430379747,5.169925001442312,5.169925001442312,5.169925001442312
0.7594936708860759,15.69849740552882,15.69849740552882,15.69849740552882,0.7594936708860759,14.239957219309753,14.239957219309753,14.239957219309753,0.7594936708860759,8.905717929427622,8.905717929427622,8.905717929427622,0.7594936708860759,5.169925001442312,5.169925001442312,5.169925001442312,0.7594936708860759,5.169925001442312,5.169925001442312,5.169925001442312,0.7594936708860759,5.169925001442312,5.169925001442312,5.169925001442312,0.7594936708860759,5.169925001442312,5.169925001442312,5.169925001442312,0.7594936708860759,5.169925001442312,5.169925001442312,5.169925001442312,0.7594936708860759,5.169925001442312,5.169925001442312,5.169925001442312
0.7594936708860759,15.69849740552882,15.69849740552882,15.69849740552882,0.7594936708860759,14.239957219309753,14.239957219309753,14.239957219309753,0.7594936708860759,8.905717929427622,8.905717929427622,8.905717929427622,0.7594936708860759,5.169925001442312,5.169925001442312,5.169925001442312,0.7594936708860759,5.169925001442312,5.169925001442312,5.169925001442312,0.7594936708860759,5.169925001442312,5.169925001442312,5.169925001442312,0.7594936708860759,5.169925001442312,5.169925001442312,5.169925001442312,0.7594936708860759,5.169925001442312,5.169925001442312,5.169925001442312,0.7594936708860759,5.169925001442312,5.169925001442312,5.169925001442312
0.7721518987341771,15.69849740552882,15.69849740552882,15.69849740552882,0.7721518987341771,14.239957219309753,14.239957219309753,14.239957219309753,0.7721518987341771,8.905717929427622,8.905717929427622,8.905717929427622,0.7721518987341771,5.169925001442312,5.169925001442312,5.169925001442312,0.7721518987341771,5.169925001442312,5.169925001442312,5.169925001442312,0.7721518987341771,5.169925001442312,5.169925001442312,5.169925001442312,0.7721518987341771,5.169925001442312,5.169925001442312,5.169925001442312,0.7721518987341771,5.169925001442312,5.169925001442312,5.169925001442312,0.7721518987341771,5.169925001442312,5.169925001442312,5.169925001442312
0.7721518987341771,15.69849740552882,15.69849740552882,15.69849740552882,0.7721518987341771,14.239957219309753,14.239957219309753,14.239957219309753,0.7721518987341771,8.905717929427622,8.905717929427622,8.905717929427622,0.7721518987341771,5.169925001442312,5.169925001442312,5.169925001442312,0.7721518987341771,5.169925001442312,5.169925001442312,5.169925001442312,0.7721518987341771,5.169925001442312,5.169925001442312,5.169925001442312,0.7721518987341771,5.169925001442312,5.169925001442312,5.169925001442312,0.7721518987341771,5.169925001442312,5.169925001442312,5.169925001442312,0.7721518987341771,5.169925001442312,5.169925001442312,5.169925001442312
0.7848101265822784,15.69849740552882,15.69849740552882,15.69849740552882,0.7848101265822784,14.239957219309753,14.239957219309753,14.239957219309753,0.7848101265822784,8.905717929427622,8.905717929427622,8.905717929427622,0.7848101265822784,5.169925001442312,5.169925001442312,5.169925001442312,0.7848101265822784,5.169925001442312,5.169925001442312,5.169925001442312,0.7848101265822784,5.169925001442312,5.169925001442312,5.169925001442312,0.7848101265822784,5.169925001442312,5.169925001442312,5.169925001442312,0.7848101265822784,5.169925001442312,5.169925001442312,5.169925001442312,0.7848101265822784,5.169925001442312,5.169925001442312,5.169925001442312
0.7848101265822784,15.69849740552882,15.69849740552882,15.69849740552882,0.7848101265822784,14.239957219309753,14.239957219309753,14.239957219309753,0.7848101265822784,8.905717929427622,8.905717929427622,8.905717929427622,0.7848101265822784,5.169925001442312,5.169925001442312,5.169925001442312,0.7848101265822784,5.169925001442312,5.169925001442312,5.169925001442312,0.7848101265822784,5.169925001442312,5.169925001442312,5.169925001442312,0.7848101265822784,5.169925001442312,5.169925001442312,5.169925001442312,0.7848101265822784,5.169925001442312,5.169925001442312,5.169925001442312,0.7848101265822784,5.169925001442312,5.169925001442312,5.169925001442312
0.7974683544303797,15.69849740552882,15.69849740552882,15.69849740552882,0.7974683544303797,14.239957219309753,14.239957219309753,14.239957219309753,0.7974683544303797,8.905717929427622,8.905717929427622,8.905717929427622,0.7974683544303797,5.169925001442312,5.169925001442312,5.169925001442312,0.7974683544303797,5.169925001442312,5.169925001442312,5.169925001442312,0.7974683544303797,5.169925001442312,5.169925001442312,5.169925001442312,0.7974683544303797,5.169925001442312,5.169925001442312,5.169925001442312,0.7974683544303797,5.169925001442312,5.169925001442312,5.169925001442312,0.7974683544303797,5.169925001442312,5.169925001442312,5.169925001442312
0.7974683544303797,15.69849740552882,15.69849740552882,15.69849740552882,0.7974683544303797,14.239957219309753,14.239957219309753,14.239957219309753,0.7974683544303797,8.905717929427622,8.905717929427622,8.905717929427622,0.7974683544303797,5.169925001442312,5.169925001442312,5.169925001442312,0.7974683544303797,5.169925001442312,5.169925001442312,5.169925001442312,0.7974683544303797,5.169925001442312,5.169925001442312,5.169925001442312,0.7974683544303797,5.169925001442312,5.169925001442312,5.169925001442312,0.7974683544303797,5.169925001442312,5.169925001442312,5.169925001442312,0.7974683544303797,5.169925001442312,5.169925001442312,5.169925001442312
0.810126582278481,15.69849740552882,15.69849740552882,15.69849740552882,0.810126582278481,14.239957219309753,14.239957219309753,14.239957219309753,0.810126582278481,8.905717929427622,8.905717929427622,8.905717929427622,0.810126582278481,5.169925001442312,5.169925001442312,5.169925001442312,0.810126582278481,5.169925001442312,5.169925001442312,5.169925001442312,0.810126582278481,5.169925001442312,5.169925001442312,5.169925001442312,0.810126582278481,5.169925001442312,5.169925001442312,5.169925001442312,0.810126582278481,5.169925001442312,5.169925001442312,5.169925001442312,0.810126582278481,5.169925001442312,5.169925001442312,5.169925001442312
0.810126582278481,15.69849740552882,15.69849740552882,15.69849740552882,0.810126582278481,14.239957219309753,14.239957219309753,14.239957219309753,0.810126582278481,8.905717929427622,8.905717929427622,8.905717929427622,0.810126582278481,5.169925001442312,5.169925001442312,5.169925001442312,0.810126582278481,5.169925001442312,5.169925001442312,5.169925001442312,0.810126582278481,5.169925001442312,5.169925001442312,5.169925001442312,0.810126582278481,5.169925001442312,5.169925001442312,5.169925001442312,0.810126582278481,5.169925001442312,5.169925001442312,5.169925001442312,0.810126582278481,5.169925001442312,5.169925001442312,5.169925001442312
0.8227848101265822,15.69849740552882,15.69849740552882,15.69849740552882,0.8227848101265822,14.239957219309753,14.239957219309753,14.239957219309753,0.8227848101265822,8.905717929427622,8.905717929427622,8.905717929427622,0.8227848101265822,5.169925001442312,5.169925001442312,5.169925001442312,0.8227848101265822,5.169925001442312,5.169925001442312,5.169925001442312,0.8227848101265822,5.169925001442312,5.169925001442312,5.169925001442312,0.8227848101265822,5.169925001442312,5.169925001442312,5.169925001442312,0.8227848101265822,5.169925001442312,5.169925001442312,5.169925001442312,0.8227848101265822,5.169925001442312,5.169925001442312,5.169925001442312
0.8227848101265822,15.69849740552882,15.69849740552882,15.69849740552882,0.8227848101265822,14.239957219309753,14.239957219309753,14.239957219309753,0.8227848101265822,8.905717929427622,8.905717929427622,8.905717929427622,0.8227848101265822,5.169925001442312,5.169925001442312,5.169925001442312,0.8227848101265822,5.169925001442312,5.169925001442312,5.169925001442312,0.8227848101265822,5.169925001442312,5.169925001442312,5.169925001442312,0.8227848101265822,5.169925001442312,5.169925001442312,5.169925001442312,0.8227848101265822,5.169925001442312,5.169925001442312,5.169925001442312,0.8227848101265822,5.169925001442312,5.169925001442312,5.169925001442312
0.8354430379746834,15.69849740552882,15.69849740552882,15.69849740552882,0.8354430379746834,14.239957219309753,14.239957219309753,14.239957219309753,0.8354430379746834,8.905717929427622,8.905717929427622,8.905717929427622,0.8354430379746834,5.169925001442312,5.169925001442312,5.169925001442312,0.8354430379746834,5.169925001442312,5.169925001442312,5.169925001442312,0.8354430379746834,5.169925001442312,5.169925001442312,5.169925001442312,0.8354430379746834,5.169925001442312,5.169925001442312,5.169925001442312,0.8354430379746834,5.169925001442312,5.169925001442312,5.169925001442312,0.8354430379746834,5.169925001442312,5.169925001442312,5.169925001442312
0.8354430379746834,15.69849740552882,15.69849740552882,15.69849740552882,0.8354430379746834,14.239957219309753,14.239957219309753,14.239957219309753,0.8354430379746834,8.905717929427622,8.905717929427622,8.905717929427622,0.8354430379746834,5.169925001442312,5.169925001442312,5.169925001442312,0.8354430379746834,5.169925001442312,5.169925001442312,5.169925001442312,0.8354430379746834,5.169925001442312,5.169925001442312,5.169925001442312,0.8354430379746834,5.169925001442312,5.169925001442312,5.169925001442312,0.8354430379746834,5.169925001442312,5.169925001442312,5.169925001442312,0.8354430379746834,5.169925001442312,5.169925001442312,5.169925001442312
0.8481012658227848,15.69849740552882,15.69849740552882,15.69849740552882,0.8481012658227848,14.239957219309753,14.239957219309753,14.239957219309753,0.8481012658227848,8.905717929427622,8.905717929427622,8.905717929427622,0.8481012658227848,5.169925001442312,5.169925001442312,5.169925001442312,0.8481012658227848,5.169925001442312,5.169925001442312,5.169925001442312,0.8481012658227848,5.169925001442312,5.169925001442312,5.169925001442312,0.8481012658227848,5.169925001442312,5.169925001442312,5.169925001442312,0.8481012658227848,5.169925001442312,5.169925001442312,5.169925001442312,0.8481012658227848,5.169925001442312,5.169925001442312,5.169925001442312
0.8481012658227848,15.69849740552882,15.69849740552882,15.69849740552882,0.8481012658227848,14.239957219309753,14.239957219309753,14.239957219309753,0.8481012658227848,8.905717929427622,8.905717929427622,8.905717929427622,0.8481012658227848,5.169925001442312,5.169925001442312,5.169925001442312,0.8481012658227848,5.169925001442312,5.169925001442312,5.169925001442312,0.8481012658227848,5.169925001442312,5.169925001442312,5.169925001442312,0.8481012658227848,5.169925001442312,5.169925001442312,5.169925001442312,0.8481012658227848,5.169925001442312,5.169925001442312,5.169925001442312,0.8481012658227848,5.169925001442312,5.169925001442312,5.169925001442312
0.860759493670886,15.69849740552882,15.69849740552882,15.69849740552882,0.860759493670886,14.239957219309753,14.239957219309753,14.239957219309753,0.860759493670886,8.905717929427622,8.905717929427622,8.905717929427622,0.860759493670886,5.169925001442312,5.169925001442312,5.169925001442312,0.860759493670886,5.169925001442312,5.169925001442312,5.169925001442312,0.860759493670886,5.169925001442312,5.169925001442312,5.169925001442312,0.860759493670886,5.169925001442312,5.169925001442312,5.169925001442312,0.860759493670886,5.169925001442312,5.169925001442312,5.169925001442312,0.860759493670886,5.169925001442312,5.169925001442312,5.169925001442312
0.860759493670886,15.69849740552882,15.69849740552882,15.69849740552882,0.860759493670886,14.239957219309753,14.239957219309753,14.239957219309753,0.860759493670886,8.905717929427622,8.905717929427622,8.905717929427622,0.860759493670886,5.169925001442312,5.169925001442312,5.169925001442312,0.860759493670886,5.169925001442312,5.169925001442312,5.169925001442312,0.860759493670886,5.169925001442312,5.169925001442312,5.169925001442312,0.860759493670886,5.169925001442312,5.169925001442312,5.169925001442312,0.860759493670886,5.169925001442312,5.169925001442312,5.169925001442312,0.860759493670886,5.169925001442312,5.169925001442312,5.169925001442312
0.8734177215189873,15.69849740552882,15.69849740552882,15.69849740552882,0.8734177215189873,14.239957219309753,14.239957219309753,14.239957219309753,0.8734177215189873,8.905717929427622,8.905717929427622,8.905717929427622,0.8734177215189873,5.169925001442312,5.169925001442312,5.169925001442312,0.8734177215189873,5.169925001442312,5.169925001442312,5.169925001442312,0.8734177215189873,5.169925001442312,5.169925001442312,5.169925001442312,0.8734177215189873,5.169925001442312,5.169925001442312,5.169925001442312,0.8734177215189873,5.169925001442312,5.169925001442312,5.169925001442312,0.8734177215189873,5.169925001442312,5.169925001442312,5.169925001442312
0.8734177215189873,15.69849740552882,15.69849740552882,15.69849740552882,0.8734177215189873,14.239957219309753,14.239957219309753,14.239957219309753,0.8734177215189873,8.905717929427622,8.905717929427622,8.905717929427622,0.8734177215189873,5.169925001442312,5.169925001442312,5.169925001442312,0.8734177215189873,5.169925001442312,5.169925001442312,5.169925001442312,0.8734177215189873,5.169925001442312,5.169925001442312,5.169925001442312,0.8734177215189873,5.169925001442312,5.169925001442312,5.169925001442312,0.8734177215189873,5.169925001442312,5.169925001442312,5.169925001442312,0.8734177215189873,5.169925001442312,5.169925001442312,5.169925001442312
0.8860759493670886,15.69849740552882,15.69849740552882,15.69849740552882,0.8860759493670886,14.239957219309753,14.239957219309753,14.239957219309753,0.8860759493670886,8.905717929427622,8.905717929427622,8.905717929427622,0.8860759493670886,5.169925001442312,5.169925001442312,5.169925001442312,0.8860759493670886,5.169925001442312,5.169925001442312,5.169925001442312,0.8860759493670886,5.169925001442312,5.169925001442312,5.169925001442312,0.8860759493670886,5.169925001442312,5.169925001442312,5.169925001442312,0.8860759493670886,5.169925001442312,5.169925001442312,5.169925001442312,0.8860759493670886,5.169925001442312,5.169925001442312,5.169925001442312
0.8860759493670886,15.69849740552882,15.69849740552882,15.69849740552882,0.8860759493670886,14.239957219309753,14.239957219309753,14.239957219309753,0.8860759493670886,8.905717929427622,8.905717929427622,8.905717929427622,0.8860759493670886,5.169925001442312,5.169925001442312,5.169925001442312,0.8860759493670886,5.169925001442312,5.169925001442312,5.169925001442312,0.8860759493670886,5.169925001442312,5.169925001442312,5.169925001442312,0.8860759493670886,5.169925001442312,5.169925001442312,5.169925001442312,0.8860759493670886,5.169925001442312,5.169925001442312,5.169925001442312,0.8860759493670886,5.169925001442312,5.169925001442312,5.169925001442312
0.8987341772151898,15.69849740552882,15.69849740552882,15.69849740552882,0.8987341772151898,14.239957219309753,14.239957219309753,14.239957219309753,0.8987341772151898,8.905717929427622,8.905717929427622,8.905717929427622,0.8987341772151898,5.169925001442312,5.169925001442312,5.169925001442312,0.8987341772151898,5.169925001442312,5.169925001442312,5.169925001442312,0.8987341772151898,5.169925001442312,5.169925001442312,5.169925001442312,0.8987341772151898,5.169925001442312,5.169925001442312,5.169925001442312,0.8987341772151898,5.169925001442312,5.169925001442312,5.169925001442312,0.8987341772151898,5.169925001442312,5.169925001442312,5.169925001442312
0.8987341772151898,15.69849740552882,15.69849740552882,15.69849740552882,0.8987341772151898,14.239957219309753,14.239957219309753,14.239957219309753,0.8987341772151898,8.905717929427622,8.905717929427622,8.905717929427622,0.8987341772151898,5.169925001442312,5.169925001442312,5.169925001442312,0.8987341772151898,5.169925001442312,5.169925001442312,5.169925001442312,0.8987341772151898,5.169925001442312,5.169925001442312,5.169925001442312,0.8987341772151898,5.169925001442312,5.169925001442312,5.169925001442312,0.8987341772151898,5.169925001442312,5.169925001442312,5.169925001442312,0.8987341772151898,5.169925001442312,5.169925001442312,5.169925001442312
0.9113924050632911,15.69849740552882,15.69849740552882,15.69849740552882,0.9113924050632911,14.239957219309753,14.239957219309753,14.239957219309753,0.9113924050632911,8.905717929427622,8.905717929427622,8.905717929427622,0.9113924050632911,5.169925001442312,5.169925001442312,5.169925001442312,0.9113924050632911,5.169925001442312,5.169925001442312,5.169925001442312,0.9113924050632911,5.169925001442312,5.169925001442312,5.169925001442312,0.9113924050632911,5.169925001442312,5.169925001442312,5.169925001442312,0.9113924050632911,5.169925001442312,5.169925001442312,5.169925001442312,0.9113924050632911,5.169925001442312,5.169925001442312,5.169925001442312
0.9113924050632911,15.69849740552882,15.69849740552882,15.69849740552882,0.9113924050632911,14.239957219309753,14.239957219309753,14.239957219309753,0.9113924050632911,8.905717929427622,8.905717929427622,8.905717929427622,0.9113924050632911,5.169925001442312,5.169925001442312,5.169925001442312,0.9113924050632911,5.169925001442312,5.169925001442312,5.169925001442312,0.9113924050632911,5.169925001442312,5.169925001442312,5.169925001442312,0.9113924050632911,5.169925001442312,5.169925001442312,5.169925001442312,0.9113924050632911,5.169925001442312,5.169925001442312,5.169925001442312,0.9113924050632911,5.169925001442312,5.169925001442312,5.169925001442312
0.9240506329113923,15.69849740552882,15.69849740552882,15.69849740552882,0.9240506329113923,14.239957219309753,14.239957219309753,14.239957219309753,0.9240506329113923,8.905717929427622,8.905717929427622,8.905717929427622,0.9240506329113923,5.169925001442312,5.169925001442312,5.169925001442312,0.9240506329113923,5.169925001442312,5.169925001442312,5.169925001442312,0.9240506329113923,5.169925001442312,5.169925001442312,5.169925001442312,0.9240506329113923,5.169925001442312,5.169925001442312,5.169925001442312,0.9240506329113923,5.169925001442312,5.169925001442312,5.169925001442312,0.9240506329113923,5.169925001442312,5.169925001442312,5.169925001442312
0.9240506329113923,15.69849740552882,15.69849740552882,15.69849740552882,0.9240506329113923,14.239957219309753,14.239957219309753,14.239957219309753,0.9240506329113923,8.905717929427622,8.905717929427622,8.905717929427622,0.9240506329113923,5.169925001442312,5.169925001442312,5.169925001442312,0.9240506329113923,5.169925001442312,5.169925001442312,5.169925001442312,0.9240506329113923,5.169925001442312,5.169925001442312,5.169925001442312,0.9240506329113923,5.169925001442312,5.169925001442312,5.169925001442312,0.9240506329113923,5.169925001442312,5.169925001442312,5.169925001442312,0.9240506329113923,5.169925001442312,5.169925001442312,5.169925001442312
0.9367088607594937,15.69849740552882,15.69849740552882,15.69849740552882,0.9367088607594937,14.239957219309753,14.239957219309753,14.239957219309753,0.9367088607594937,8.905717929427622,8.905717929427622,8.905717929427622,0.9367088607594937,5.169925001442312,5.169925001442312,5.169925001442312,0.9367088607594937,5.169925001442312,5.169925001442312,5.169925001442312,0.9367088607594937,5.169925001442312,5.169925001442312,5.169925001442312,0.9367088607594937,5.169925001442312,5.169925001442312,5.169925001442312,0.9367088607594937,5.169925001442312,5.169925001442312,5.169925001442312,0.9367088607594937,5.169925001442312,5.169925001442312,5.169925001442312
0.9367088607594937,15.69849740552882,15.69849740552882,15.69849740552882,0.9367088607594937,14.239957219309753,14.239957219309753,14.239957219309753,0.9367088607594937,8.905717929427622,8.905717929427622,8.905717929427622,0.9367088607594937,5.169925001442312,5.169925001442312,5.169925001442312,0.9367088607594937,5.169925001442312,5.169925001442312,5.169925001442312,0.9367088607594937,5.169925001442312,5.169925001442312,5.169925001442312,0.9367088607594937,5.169925001442312,5.169925001442312,5.169925001442312,0.9367088607594937,5.169925001442312,5.169925001442312,5.169925001442312,0.9367088607594937,5.169925001442312,5.169925001442312,5.169925001442312
0.9493670886075949,15.69849740552882,15.69849740552882,15.69849740552882,0.9493670886075949,14.239957219309753,14.239957219309753,14.239957219309753,0.9493670886075949,8.905717929427622,8.905717929427622,8.905717929427622,0.9493670886075949,5.169925001442312,5.169925001442312,5.169925001442312,0.9493670886075949,5.169925001442312,5.169925001442312,5.169925001442312,0.9493670886075949,5.169925001442312,5.169925001442312,5.169925001442312,0.9493670886075949,5.169925001442312,5.169925001442312,5.169925001442312,0.9493670886075949,5.169925001442312,5.169925001442312,5.169925001442312,0.9493670886075949,5.169925001442312,5.169925001442312,5.169925001442312
0.9493670886075949,15.69849740552882,15.69849740552882,15.69849740552882,0.9493670886075949,14.239957219309753,14.239957219309753,14.239957219309753,0.9493670886075949,8.905717929427622,8.905717929427622,8.905717929427622,0.9493670886075949,5.169925001442312,5.169925001442312,5.169925001442312,0.9493670886075949,5.169925001442312,5.169925001442312,5.169925001442312,0.9493670886075949,5.169925001442312,5.169925001442312,5.169925001442312,0.9493670886075949,5.169925001442312,5.169925001442312,5.169925001442312,0.9493670886075949,5.169925001442312,5.169925001442312,5.169925001442312,0.9493670886075949,5.169925001442312,5.169925001442312,5.169925001442312
0.9620253164556961,15.69849740552882,15.69849740552882,15.69849740552882,0.9620253164556961,14.239957219309753,14.239957219309753,14.239957219309753,0.9620253164556961,8.905717929427622,8.905717929427622,8.905717929427622,0.9620253164556961,5.169925001442312,5.169925001442312,5.169925001442312,0.9620253164556961,5.169925001442312,5.169925001442312,5.169925001442312,0.9620253164556961,5.169925001442312,5.169925001442312,5.169925001442312,0.9620253164556961,5.169925001442312,5.169925001442312,5.169925001442312,0.9620253164556961,5.169925001442312,5.169925001442312,5.169925001442312,0.9620253164556961,5.169925001442312,5.169925001442312,5.169925001442312
0.9620253164556961,15.69849740552882,15.69849740552882,15.69849740552882,0.9620253164556961,14.239957219309753,14.239957219309753,14.239957219309753,0.9620253164556961,8.905717929427622,8.905717929427622,8.905717929427622,0.9620253164556961,5.169925001442312,5.169925001442312,5.169925001442312,0.9620253164556961,5.169925001442312,5.169925001442312,5.169925001442312,0.9620253164556961,5.169925001442312,5.169925001442312,5.169925001442312,0.9620253164556961,5.169925001442312,5.169925001442312,5.169925001442312,0.9620253164556961,5.169925001442312,5.169925001442312,5.169925001442312,0.9620253164556961,5.169925001442312,5.169925001442312,5.169925001442312
0.9746835443037974,15.69849740552882,15.69849740552882,15.69849740552882,0.9746835443037974,14.239957219309753,14.239957219309753,14.239957219309753,0.9746835443037974,8.905717929427622,8.905717929427622,8.905717929427622,0.9746835443037974,5.169925001442312,5.169925001442312,5.169925001442312,0.9746835443037974,5.169925001442312,5.169925001442312,5.169925001442312,0.9746835443037974,5.169925001442312,5.169925001442312,5.169925001442312,0.9746835443037974,5.169925001442312,5.169925001442312,5.169925001442312,0.9746835443037974,5.169925001442312,5.169925001442312,5.169925001442312,0.9746835443037974,5.169925001442312,5.169925001442312,5.169925001442312
0.9746835443037974,15.69849740552882,15.69849740552882,15.69849740552882,0.9746835443037974,14.239957219309753,14.239957219309753,14.239957219309753,0.9746835443037974,8.905717929427622,8.905717929427622,8.905717929427622,0.9746835443037974,5.169925001442312,5.169925001442312,5.169925001442312,0.9746835443037974,5.169925001442312,5.169925001442312,5.169925001442312,0.9746835443037974,5.169925001442312,5.169925001442312,5.169925001442312,0.9746835443037974,5.169925001442312,5.169925001442312,5.169925001442312,0.9746835443037974,5.169925001442312,5.169925001442312,5.169925001442312,0.9746835443037974,5.169925001442312,5.169925001442312,5.169925001442312
0.9873417721518987,15.69849740552882,15.69849740552882,15.69849740552882,0.9873417721518987,14.239957219309753,14.239957219309753,14.239957219309753,0.9873417721518987,8.905717929427622,8.905717929427622,8.905717929427622,0.9873417721518987,5.169925001442312,5.169925001442312,5.169925001442312,0.9873417721518987,5.169925001442312,5.169925001442312,5.169925001442312,0.9873417721518987,5.169925001442312,5.169925001442312,5.169925001442312,0.9873417721518987,5.169925001442312,5.169925001442312,5.169925001442312,0.9873417721518987,5.169925001442312,5.169925001442312,5.169925001442312,0.9873417721518987,5.169925001442312,5.169925001442312,5.169925001442312
0.9873417721518987,15.69849740552882,15.69849740552882,15.69849740552882,0.9873417721518987,14.239957219309753,14.239957219309753,14.239957219309753,0.9873417721518987,8.905717929427622,8.905717929427622,8.905717929427622,0.9873417721518987,5.169925001442312,5.169925001442312,5.169925001442312,0.9873417721518987,5.169925001442312,5.169925001442312,5.169925001442312,0.9873417721518987,5.169925001442312,5.169925001442312,5.169925001442312,0.9873417721518987,5.169925001442312,5.169925001442312,5.169925001442312,0.9873417721518987,5.169925001442312,5.169925001442312,5.169925001442312,0.9873417721518987,5.169925001442312,5.169925001442312,5.169925001442312
1.0,15.69849740552882,15.69849740552882,15.69849740552882,1.0,14.239957219309753,14.239957219309753,14.239957219309753,1.0,8.905717929427622,8.905717929427622,8.905717929427622,1.0,5.169925001442312,5.169925001442312,5.169925001442312,1.0,5.169925001442312,5.169925001442312,5.169925001442312,1.0,5.169925001442312,5.169925001442312,5.169925001442312,1.0,5.169925001442312,5.169925001442312,5.169925001442312,1.0,5.169925001442312,5.169925001442312,5.169925001442312,1.0,5.169925001442312,5.169925001442312,5.169925001442312
1.0,15.69849740552882,15.69849740552882,15.69849740552882,1.0,14.239957219309753,14.239957219309753,14.239957219309753,1.0,8.905717929427622,8.905717929427622,8.905717929427622,1.0,5.169925001442312,5.169925001442312,5.169925001442312,1.0,5.169925001442312,5.169925001442312,5.169925001442312,1.0,5.169925001442312,5.169925001442312,5.169925001442312,1.0,5.169925001442312,5.169925001442312,5.169925001442312,1.0,5.169925001442312,5.169925001442312,5.169925001442312,1.0,5.169925001442312,5.169925001442312,5.169925001442312
